Marital Status,Daytime/evening attendance,Previous qualification (grade),Admission grade,Displaced,Tuition fees up to date,Gender,Scholarship holder,Age at enrollment,Curricular units 1st sem (grade),Curricular units 2nd sem (grade),Course_171,Course_8014,Course_9003,Course_9070,Course_9085,Course_9119,Course_9130,Course_9147,Course_9238,Course_9254,Course_9500,Course_9556,Course_9670,Course_9773,Course_9853,Course_9991,Unemployment rate,Inflation rate,GDP,predicted_label,predicted_probability
1,1,118.0,122.2,0,1,0,0,19,10.66666667,10.25,0,0,0,0,0,0,0,1,0,0,0,0,0,0,0,0,11.1,0.6,2.02,1,0.5469526389095023
1,1,130.0,122.3,1,0,0,0,18,14.14285714,12.0,0,0,0,0,0,0,0,0,0,0,0,0,0,1,0,0,13.9,-0.3,0.79,0,0.12007299256069183
1,1,180.0,183.5,1,1,0,0,18,12.0,0.0,0,0,0,0,0,0,0,0,0,0,0,1,0,0,0,0,16.2,0.3,-0.92,0,0.021941133122137337
1,1,127.0,150.0,0,1,0,1,19,13.85,12.19285714,0,0,0,0,0,0,0,0,0,0,1,0,0,0,0,0,11.1,0.6,2.02,1,0.9723658229822125
1,1,110.0,110.0,0,1,1,0,35,0.0,0.0,0,0,0,0,0,0,0,0,0,1,0,0,0,0,0,0,16.2,0.3,-0.92,0,0.00028562726115123355
1,1,129.0,142.0,1,1,0,0,19,12.66666667,12.71428571,0,0,0,0,0,0,0,0,0,0,0,0,0,1,0,0,9.4,-0.8,-3.12,1,0.8301440073017461
1,1,110.0,110.0,1,1,1,0,27,12.33333333,13.16666667,0,0,0,0,0,0,0,0,0,0,0,0,1,0,0,0,9.4,-0.8,-3.12,1,0.6560767908782178
5,1,130.0,146.0,0,1,1,0,34,12.6,11.25,0,0,0,0,0,0,0,0,1,0,0,0,0,0,0,0,12.4,0.5,1.79,1,0.8746725150664908
1,1,140.0,146.5,0,1,1,0,39,17.33333333,17.0,0,0,0,0,0,1,0,0,0,0,0,0,0,0,0,0,13.9,-0.3,0.79,1,0.5795530683218845
1,1,120.0,149.0,0,0,1,0,36,11.5,0.0,0,0,0,0,0,0,0,0,0,0,1,0,0,0,0,0,15.5,2.8,-4.06,0,0.0003216217395130764
1,1,133.1,110.0,0,1,0,0,28,12.0,12.0,0,0,0,0,1,0,0,0,0,0,0,0,0,0,0,0,11.1,0.6,2.02,1,0.615816729660636
1,1,126.0,132.0,1,1,0,1,19,14.16666667,12.375,0,0,0,1,0,0,0,0,0,0,0,0,0,0,0,0,10.8,1.4,1.74,1,0.9640513115025559
1,1,146.0,143.9,0,1,0,0,18,11.33333333,12.0,0,0,0,0,0,0,0,1,0,0,0,0,0,0,0,0,13.9,-0.3,0.79,1,0.7426768027743544
1,1,142.0,127.7,0,1,0,1,20,15.0,16.33333333,0,0,0,0,0,0,0,0,1,0,0,0,0,0,0,0,13.9,-0.3,0.79,1,0.9962936923983866
1,1,120.0,120.0,1,1,0,0,31,13.81818182,13.46153846,0,0,1,0,0,0,0,0,0,0,0,0,0,0,0,0,15.5,2.8,-4.06,1,0.8536445243653655
1,1,120.0,128.2,1,1,1,0,34,11.25,10.5,0,0,0,0,0,1,0,0,0,0,0,0,0,0,0,0,7.6,2.6,0.32,0,0.031272135375220333
1,1,132.0,119.4,1,1,1,0,20,0.0,0.0,1,0,0,0,0,0,0,0,0,0,0,0,0,0,0,0,10.8,1.4,1.74,0,0.4018414279282247
1,0,133.1,154.4,0,1,1,0,27,0.0,0.0,0,0,0,0,0,0,0,0,0,0,0,0,0,0,0,1,10.8,1.4,1.74,0,0.0007605861696882336
1,1,137.0,126.0,1,1,0,0,19,14.28333333,13.12555556,0,0,0,0,0,0,0,0,0,0,1,0,0,0,0,0,15.5,2.8,-4.06,1,0.9176618504120967
1,1,119.1,119.1,0,1,1,0,22,12.73333333,12.73333333,0,0,0,0,0,0,0,0,0,0,1,0,0,0,0,0,7.6,2.6,0.32,1,0.8445708527629797
1,1,128.0,116.5,0,1,1,0,19,10.0,16.0,0,0,0,0,0,0,0,1,0,0,0,0,0,0,0,0,7.6,2.6,0.32,1,0.8792415635884553
1,1,141.0,128.4,1,0,0,0,18,13.0,11.4,0,0,0,0,0,0,0,0,0,0,0,0,0,1,0,0,7.6,2.6,0.32,0,0.09276153101264653
2,1,120.0,116.0,0,1,0,0,44,13.0,13.83333333,0,0,0,0,0,0,0,0,1,0,0,0,0,0,0,0,12.7,3.7,-1.7,1,0.885467430924659
1,1,129.0,123.4,0,1,0,0,19,12.4,13.4,0,0,0,0,1,0,0,0,0,0,0,0,0,0,0,0,7.6,2.6,0.32,1,0.8703298736022
2,0,133.1,118.4,0,0,0,0,39,0.0,0.0,0,0,0,0,0,0,0,0,0,0,0,0,0,0,0,1,7.6,2.6,0.32,0,2.1871377833019074e-05
1,1,126.0,121.1,0,1,0,0,18,12.75,0.0,0,0,0,0,0,0,0,0,0,0,0,0,0,1,0,0,12.7,3.7,-1.7,0,0.022534560794086615
1,1,144.0,125.8,0,1,0,1,19,12.47142857,12.47142857,0,0,0,0,0,0,0,0,0,0,1,0,0,0,0,0,12.7,3.7,-1.7,1,0.9522443101306982
1,1,117.0,116.3,1,1,1,1,21,11.66666667,12.2,0,0,0,0,0,0,0,0,0,1,0,0,0,0,0,0,10.8,1.4,1.74,1,0.823829054305169
1,1,150.0,148.8,0,1,1,1,25,14.25,14.75,0,0,0,0,0,0,0,1,0,0,0,0,0,0,0,0,12.7,3.7,-1.7,1,0.9609740133693468
1,0,131.0,125.0,0,1,1,0,24,0.0,0.0,0,1,0,0,0,0,0,0,0,0,0,0,0,0,0,0,16.2,0.3,-0.92,0,0.0019289270659317928
2,1,133.1,103.5,0,1,1,0,42,0.0,0.0,0,0,0,0,0,0,0,0,1,0,0,0,0,0,0,0,15.5,2.8,-4.06,0,0.0006474671076974755
1,1,142.0,133.3,1,1,0,0,19,0.0,0.0,1,0,0,0,0,0,0,0,0,0,0,0,0,0,0,0,10.8,1.4,1.74,1,0.5478643659854657
1,0,126.0,119.4,0,1,0,0,19,12.66666667,11.66666667,0,1,0,0,0,0,0,0,0,0,0,0,0,0,0,0,12.7,3.7,-1.7,1,0.9122853712248007
1,1,126.0,123.6,1,1,0,0,21,11.66666667,13.0,0,0,0,0,1,0,0,0,0,0,0,0,0,0,0,0,10.8,1.4,1.74,1,0.7822819495295653
1,0,130.0,120.0,0,1,0,0,58,12.4,11.6,0,1,0,0,0,0,0,0,0,0,0,0,0,0,0,0,9.4,-0.8,-3.12,1,0.5401423339652215
1,1,100.0,100.0,0,1,0,0,20,12.5,14.16666667,0,0,0,0,0,0,0,0,0,0,0,0,1,0,0,0,11.1,0.6,2.02,1,0.8823849264429336
1,1,130.0,100.0,0,0,1,0,29,0.0,0.0,0,0,1,0,0,0,0,0,0,0,0,0,0,0,0,0,13.9,-0.3,0.79,0,2.023466838170439e-05
2,1,120.0,125.7,0,0,0,0,43,12.25,10.5,0,0,1,0,0,0,0,0,0,0,0,0,0,0,0,0,8.9,1.4,3.51,0,0.03950197407883076
1,0,133.1,155.5,1,0,1,0,39,10.6,14.66666667,0,0,0,0,0,0,0,0,0,0,0,0,0,0,0,1,10.8,1.4,1.74,0,0.05899849282491947
1,1,122.0,130.4,1,1,0,0,18,11.8,12.2,0,0,0,0,0,0,0,0,0,1,0,0,0,0,0,0,11.1,0.6,2.02,1,0.7680453277823599
1,1,164.0,163.0,0,1,0,0,18,0.0,0.0,0,0,0,0,0,0,1,0,0,0,0,0,0,0,0,0,7.6,2.6,0.32,0,0.0005060070692443099
1,1,124.0,123.7,1,1,0,1,18,12.71428571,12.625,0,0,0,1,0,0,0,0,0,0,0,0,0,0,0,0,13.9,-0.3,0.79,1,0.9491741920333527
1,1,140.0,100.0,0,0,0,0,29,14.33333333,14.0,0,0,1,0,0,0,0,0,0,0,0,0,0,0,0,0,15.5,2.8,-4.06,0,0.20318031074199555
1,1,150.0,133.5,1,1,1,0,21,13.0,12.6,0,0,0,0,0,1,0,0,0,0,0,0,0,0,0,0,9.4,-0.8,-3.12,0,0.1535181288717932
2,1,168.0,153.9,0,0,1,0,34,0.0,0.0,0,0,1,0,0,0,0,0,0,0,0,0,0,0,0,0,12.4,0.5,1.79,0,2.841489338261869e-05
1,1,126.0,129.9,1,1,1,1,20,12.0,11.16666667,0,0,0,0,0,0,0,0,1,0,0,0,0,0,0,0,10.8,1.4,1.74,1,0.9192320120048595
1,1,133.1,120.0,0,1,1,0,58,0.0,0.0,0,0,1,0,0,0,0,0,0,0,0,0,0,0,0,0,13.9,-0.3,0.79,0,0.00014619128097792547
1,1,149.0,130.5,1,1,0,0,28,11.66666667,12.55555556,0,0,0,0,0,0,0,0,1,0,0,0,0,0,0,0,10.8,1.4,1.74,1,0.8519719928142011
1,1,133.1,120.0,1,1,0,0,32,16.0,16.0,0,0,0,1,0,0,0,0,0,0,0,0,0,0,0,0,7.6,2.6,0.32,1,0.9668669465649341
2,0,140.0,121.0,0,1,0,0,50,12.66666667,11.83333333,0,1,0,0,0,0,0,0,0,0,0,0,0,0,0,0,10.8,1.4,1.74,1,0.7274847501231726
1,1,119.0,119.0,0,1,1,0,23,0.0,0.0,0,0,1,0,0,0,0,0,0,0,0,0,0,0,0,0,15.5,2.8,-4.06,0,0.0009892980696065573
1,1,142.0,127.3,0,1,0,1,18,11.2,11.8,0,0,0,0,0,0,0,1,0,0,0,0,0,0,0,0,11.1,0.6,2.02,1,0.8815948123816424
1,1,133.1,95.0,0,1,0,0,20,11.75,11.8,0,0,0,0,0,0,0,1,0,0,0,0,0,0,0,0,11.1,0.6,2.02,1,0.6638544345571006
1,0,130.0,131.4,0,1,1,0,34,12.4,13.42857143,0,0,0,0,0,0,0,0,0,0,0,0,0,0,0,1,13.9,-0.3,0.79,1,0.6296376766864625
4,1,133.1,117.8,0,0,0,0,46,12.33333333,11.08333333,0,0,0,0,0,0,0,0,0,0,1,0,0,0,0,0,11.1,0.6,2.02,0,0.06007244371563129
1,1,122.0,127.3,1,1,0,0,20,12.16666667,11.66666667,0,0,0,0,0,0,0,0,1,0,0,0,0,0,0,0,9.4,-0.8,-3.12,1,0.8834823327063923
1,1,152.0,146.1,1,1,0,0,18,13.5,0.0,0,0,0,0,0,0,1,0,0,0,0,0,0,0,0,0,10.8,1.4,1.74,0,0.007913974758208089
5,1,133.1,118.0,0,1,0,0,27,11.66666667,10.0,0,0,0,0,0,0,0,0,0,0,0,0,0,0,1,0,12.4,0.5,1.79,0,0.33558038019094133
1,1,160.0,149.2,0,1,1,0,18,14.0,14.2,0,0,0,0,0,0,1,0,0,0,0,0,0,0,0,0,7.6,2.6,0.32,1,0.7194423281545532
2,1,133.1,99.5,1,0,0,1,37,16.0,0.0,0,0,0,0,0,0,0,0,0,0,0,1,0,0,0,0,8.9,1.4,3.51,0,0.0020189623442444632
1,1,132.0,119.1,1,0,0,0,20,10.0,10.57142857,0,0,0,0,0,0,0,1,0,0,0,0,0,0,0,0,10.8,1.4,1.74,0,0.030690754278845194
1,1,116.0,110.8,1,1,0,0,18,12.16666667,13.5,0,0,0,0,0,0,0,0,0,1,0,0,0,0,0,0,11.1,0.6,2.02,1,0.8418510701826822
1,0,133.0,119.7,1,1,0,1,19,11.5,11.5,0,1,0,0,0,0,0,0,0,0,0,0,0,0,0,0,9.4,-0.8,-3.12,1,0.9522148732209869
1,1,126.0,115.5,1,1,0,1,19,12.13571429,13.32857143,0,0,0,0,0,0,0,0,0,0,1,0,0,0,0,0,12.4,0.5,1.79,1,0.9601003416384792
1,1,144.0,137.4,0,1,0,0,19,13.54285714,14.22222222,0,0,0,0,0,0,0,0,0,0,1,0,0,0,0,0,16.2,0.3,-0.92,1,0.9451197323308205
1,1,118.0,122.2,1,1,0,0,22,10.5,11.0,0,0,0,0,0,0,0,0,0,1,0,0,0,0,0,0,7.6,2.6,0.32,1,0.5618936256297278
1,1,110.0,100.0,1,1,1,0,27,0.0,0.0,1,0,0,0,0,0,0,0,0,0,0,0,0,0,0,0,9.4,-0.8,-3.12,0,0.2976684273521227
1,1,134.0,120.5,1,1,1,1,18,11.71666667,10.868,0,0,0,0,0,0,0,0,0,0,1,0,0,0,0,0,15.5,2.8,-4.06,1,0.822379248372092
1,1,140.0,124.3,1,1,1,0,18,0.0,0.0,1,0,0,0,0,0,0,0,0,0,0,0,0,0,0,0,7.6,2.6,0.32,0,0.45314447858975876
1,1,160.0,160.0,0,0,1,0,24,16.0,16.0,0,0,0,0,0,1,0,0,0,0,0,0,0,0,0,0,8.9,1.4,3.51,0,0.06006437528674603
1,1,145.0,143.6,1,1,1,0,18,0.0,0.0,1,0,0,0,0,0,0,0,0,0,0,0,0,0,0,0,12.4,0.5,1.79,0,0.45137651302520265
1,1,142.0,131.9,0,1,0,1,29,12.58823529,13.35714286,0,0,0,0,0,0,0,0,1,0,0,0,0,0,0,0,9.4,-0.8,-3.12,1,0.969451890131438
1,1,133.1,112.9,0,1,0,0,24,11.66666667,10.5,0,0,0,0,0,0,0,0,0,0,0,0,1,0,0,0,16.2,0.3,-0.92,0,0.4553766583721491
2,0,140.0,100.0,0,0,0,0,31,11.75,10.0,0,0,0,0,0,0,0,0,0,0,0,0,0,0,0,1,12.7,3.7,-1.7,0,0.021066535675194425
1,1,152.0,144.7,0,1,0,0,20,14.5,15.42857143,0,0,0,0,0,0,0,0,1,0,0,0,0,0,0,0,16.2,0.3,-0.92,1,0.9827055617583228
1,1,120.0,120.0,0,1,1,0,20,12.5,13.14285714,0,0,0,1,0,0,0,0,0,0,0,0,0,0,0,0,16.2,0.3,-0.92,1,0.8097655453793335
1,1,160.0,160.0,1,1,1,0,23,12.5,13.5,0,0,0,0,1,0,0,0,0,0,0,0,0,0,0,0,12.4,0.5,1.79,1,0.7676017334641695
1,1,121.0,121.4,1,1,0,1,19,10.75,11.5,0,0,0,0,0,0,0,0,1,0,0,0,0,0,0,0,15.5,2.8,-4.06,1,0.9291930524937365
1,0,120.0,117.6,1,1,0,0,19,12.2,12.0,0,1,0,0,0,0,0,0,0,0,0,0,0,0,0,0,7.6,2.6,0.32,1,0.9208483167706557
4,1,130.0,140.0,0,1,1,0,50,12.25,0.0,0,0,0,0,0,0,0,0,1,0,0,0,0,0,0,0,8.9,1.4,3.51,0,0.020213159104329047
1,1,133.1,98.0,0,1,1,0,26,0.0,0.0,0,0,0,0,0,0,0,0,0,1,0,0,0,0,0,0,10.8,1.4,1.74,0,0.00044437296499668895
1,1,138.0,139.4,1,1,0,0,18,12.8,12.2,0,0,0,0,0,0,0,0,0,0,0,0,0,1,0,0,10.8,1.4,1.74,1,0.8028381277094881
1,1,148.0,141.7,0,1,0,1,18,13.4,13.16666667,0,0,0,0,0,0,0,0,0,0,0,0,0,0,1,0,9.4,-0.8,-3.12,1,0.8539780655332914
1,1,141.0,130.2,1,1,0,0,21,14.07222222,14.0475,0,0,0,0,0,0,0,0,0,0,1,0,0,0,0,0,15.5,2.8,-4.06,1,0.9344475410849309
1,1,133.1,124.5,0,1,0,1,36,13.71428571,12.8,0,0,0,0,0,0,0,0,0,1,0,0,0,0,0,0,16.2,0.3,-0.92,1,0.8567327971880557
1,1,133.0,120.4,1,1,0,0,22,14.8,15.8,0,0,0,0,0,0,0,1,0,0,0,0,0,0,0,0,8.9,1.4,3.51,1,0.9594944889772389
1,1,126.0,115.5,0,1,1,0,18,13.43333333,13.6,0,0,0,0,0,0,0,0,0,0,0,1,0,0,0,0,8.9,1.4,3.51,1,0.8576978149067355
1,1,121.0,116.5,1,0,1,0,18,0.0,0.0,0,0,0,0,0,0,0,0,0,1,0,0,0,0,0,0,9.4,-0.8,-3.12,0,2.6436418306349756e-05
1,1,124.0,126.8,1,1,0,0,20,12.33333333,12.2,0,0,0,0,0,0,0,1,0,0,0,0,0,0,0,0,15.5,2.8,-4.06,1,0.7448937506835756
1,1,150.0,140.0,0,1,1,0,24,11.29444444,12.6,0,0,0,0,0,0,0,0,0,0,1,0,0,0,0,0,15.5,2.8,-4.06,1,0.7196209460784228
1,1,141.0,125.5,0,1,0,0,18,12.86,12.86,0,0,0,0,0,0,0,0,0,0,1,0,0,0,0,0,9.4,-0.8,-3.12,1,0.9054324924079359
1,1,153.0,157.9,0,1,0,1,18,14.83333333,14.83333333,0,0,0,0,0,0,0,0,0,0,0,0,0,1,0,0,8.9,1.4,3.51,1,0.9868293264901997
2,1,100.0,163.5,0,0,1,0,50,15.0,0.0,0,0,0,0,0,0,0,0,0,0,0,0,0,1,0,0,10.8,1.4,1.74,0,0.0003486967488377718
1,1,140.0,140.0,1,0,0,0,39,0.0,0.0,0,0,0,0,0,0,0,0,0,0,1,0,0,0,0,0,12.4,0.5,1.79,0,2.6809133881280066e-05
1,1,130.0,129.0,1,1,0,0,25,13.5,12.5,0,0,0,1,0,0,0,0,0,0,0,0,0,0,0,0,9.4,-0.8,-3.12,1,0.8456824032203052
1,1,140.0,132.5,1,1,0,0,18,14.31666667,14.31666667,0,0,0,0,0,0,0,0,0,0,1,0,0,0,0,0,7.6,2.6,0.32,1,0.9642519518528493
1,1,130.0,121.5,0,0,1,0,26,10.5,0.0,0,0,0,0,0,0,0,1,0,0,0,0,0,0,0,0,10.8,1.4,1.74,0,0.00022284053271351322
4,0,140.0,126.0,0,1,0,1,39,13.11111111,11.71428571,0,1,0,0,0,0,0,0,0,0,0,0,0,0,0,0,12.7,3.7,-1.7,1,0.961208898874148
1,1,130.0,123.8,0,1,0,0,18,12.0,12.0,0,0,0,0,0,0,1,0,0,0,0,0,0,0,0,0,7.6,2.6,0.32,0,0.49116136918544084
2,0,120.0,120.7,0,1,0,0,39,11.0,13.2,0,0,0,0,0,0,0,0,0,0,0,0,0,0,0,1,7.6,2.6,0.32,1,0.6783657909790047
1,1,136.0,133.2,1,1,0,0,19,11.0,11.4,0,0,0,0,0,0,0,0,1,0,0,0,0,0,0,0,7.6,2.6,0.32,1,0.8589099903015261
1,1,121.0,111.9,1,1,0,0,20,11.72727273,12.0,0,0,0,0,0,0,0,0,1,0,0,0,0,0,0,0,12.4,0.5,1.79,1,0.8687982941704055
2,0,150.0,122.5,0,1,1,0,47,11.5,11.6,0,0,0,0,0,0,0,0,0,0,0,0,0,0,0,1,7.6,2.6,0.32,0,0.2970385582915107
4,1,133.1,154.3,0,1,0,0,32,0.0,0.0,0,0,0,0,0,0,0,0,0,0,1,0,0,0,0,0,12.4,0.5,1.79,0,0.003221765897999827
1,1,143.0,128.0,0,1,0,1,18,13.05555556,15.8125,0,0,0,0,0,0,0,0,0,0,1,0,0,0,0,0,13.9,-0.3,0.79,1,0.9894151571989088
1,1,128.0,121.0,1,1,0,0,19,13.5,13.57142857,0,0,0,0,0,0,0,0,0,0,0,0,1,0,0,0,11.1,0.6,2.02,1,0.8788848380881107
1,1,140.0,140.0,1,1,0,0,23,15.57142857,16.375,0,0,0,0,1,0,0,0,0,0,0,0,0,0,0,0,12.4,0.5,1.79,1,0.9700710116051106
1,1,144.0,142.6,1,1,0,1,18,14.16666667,14.0,0,0,0,0,0,0,0,0,0,1,0,0,0,0,0,0,15.5,2.8,-4.06,1,0.96766225850933
1,1,133.1,100.8,0,1,1,0,24,0.0,0.0,0,0,0,0,0,0,0,0,0,0,1,0,0,0,0,0,13.9,-0.3,0.79,0,0.000826136980007011
1,1,133.1,143.0,1,1,0,0,21,11.4,12.2,0,0,0,1,0,0,0,0,0,0,0,0,0,0,0,0,12.7,3.7,-1.7,1,0.8017840959275994
1,0,130.0,140.0,0,1,1,0,26,12.4,12.4,0,0,0,0,0,0,0,0,0,0,0,0,0,0,0,1,15.5,2.8,-4.06,1,0.636887784367041
1,1,138.0,123.0,1,1,0,0,19,10.8,11.33333333,0,0,0,0,0,0,0,0,1,0,0,0,0,0,0,0,15.5,2.8,-4.06,1,0.7932453231145895
1,1,118.0,112.4,1,1,0,0,19,15.30769231,13.875,0,0,0,0,1,0,0,0,0,0,0,0,0,0,0,0,15.5,2.8,-4.06,1,0.9119346011690612
1,1,133.1,96.0,0,1,1,0,31,0.0,0.0,0,0,0,0,0,0,1,0,0,0,0,0,0,0,0,0,7.6,2.6,0.32,0,9.991178909369032e-05
2,1,170.0,159.5,0,1,1,0,33,0.0,0.0,0,0,0,0,0,0,0,0,1,0,0,0,0,0,0,0,8.9,1.4,3.51,0,0.0018620050120735892
1,1,133.1,131.0,1,1,0,0,21,11.0,11.0,0,0,0,0,0,0,0,0,0,1,0,0,0,0,0,0,9.4,-0.8,-3.12,1,0.5707916899343106
1,1,120.0,111.3,0,1,0,0,24,11.5,10.44444444,0,0,0,0,0,0,0,0,0,0,0,0,0,0,1,0,16.2,0.3,-0.92,0,0.17972709187203886
1,1,143.0,127.3,1,1,0,0,18,12.21714286,12.11875,0,0,0,0,0,0,0,0,0,0,1,0,0,0,0,0,11.1,0.6,2.02,1,0.8476853584128397
1,1,139.0,124.0,1,1,1,1,18,13.33142857,13.33142857,0,0,0,0,0,0,0,0,0,0,1,0,0,0,0,0,10.8,1.4,1.74,1,0.9572984668722478
1,1,137.0,129.3,0,1,0,0,19,0.0,0.0,0,0,0,0,0,0,0,0,0,0,1,0,0,0,0,0,9.4,-0.8,-3.12,0,0.0024294481747347964
1,1,150.0,142.0,1,1,0,1,19,12.33333333,12.4,0,0,0,0,0,0,0,0,0,0,0,0,0,0,1,0,10.8,1.4,1.74,1,0.7437300007294663
1,1,133.1,133.0,0,1,0,0,24,12.58571429,13.44285714,0,0,0,0,0,0,0,0,0,0,1,0,0,0,0,0,13.9,-0.3,0.79,1,0.8941331598241837
1,1,133.1,110.0,1,1,0,1,21,13.28571429,13.0,0,0,0,0,1,0,0,0,0,0,0,0,0,0,0,0,11.1,0.6,2.02,1,0.9272676170032297
1,1,133.1,120.0,0,1,1,0,25,0.0,0.0,0,0,1,0,0,0,0,0,0,0,0,0,0,0,0,0,16.2,0.3,-0.92,0,0.0008054177486941837
1,1,125.0,134.1,1,1,1,0,24,11.64285714,11.25,1,0,0,0,0,0,0,0,0,0,0,0,0,0,0,0,11.1,0.6,2.02,1,0.9989765915705751
1,1,142.0,137.5,1,1,1,0,19,12.0,11.5,0,0,0,0,0,0,0,1,0,0,0,0,0,0,0,0,13.9,-0.3,0.79,1,0.5858125025238659
1,1,160.0,150.2,1,1,0,0,19,13.0,12.5,0,0,0,0,0,0,1,0,0,0,0,0,0,0,0,0,12.7,3.7,-1.7,1,0.539588937886085
1,1,135.0,127.5,1,1,0,1,19,13.74166667,14.9125,0,0,0,0,0,0,0,0,0,0,1,0,0,0,0,0,16.2,0.3,-0.92,1,0.9840786714741867
1,1,140.0,138.3,0,1,1,0,18,16.0,15.16666667,0,0,1,0,0,0,0,0,0,0,0,0,0,0,0,0,12.4,0.5,1.79,1,0.9703660260608308
1,1,121.0,131.5,0,1,0,0,21,0.0,13.5,0,0,0,0,1,0,0,0,0,0,0,0,0,0,0,0,7.6,2.6,0.32,0,0.30119120427130147
1,1,137.0,130.4,1,1,1,0,18,12.0,10.66666667,0,0,0,0,0,1,0,0,0,0,0,0,0,0,0,0,7.6,2.6,0.32,0,0.0827022062433869
1,1,131.0,118.4,0,1,1,0,18,0.0,11.5,0,0,0,0,0,1,0,0,0,0,0,0,0,0,0,0,7.6,2.6,0.32,0,0.008596268538469265
1,1,144.0,130.5,1,1,0,0,18,11.97142857,11.97142857,0,0,0,0,0,0,0,0,0,0,1,0,0,0,0,0,12.7,3.7,-1.7,1,0.8292397013289652
1,1,138.0,135.9,1,1,0,0,18,14.85714286,14.66666667,0,0,0,0,0,0,0,0,0,0,0,0,0,1,0,0,13.9,-0.3,0.79,1,0.93945697653374
1,0,130.0,119.5,1,1,0,0,22,11.2,12.42857143,0,0,0,0,0,0,0,0,0,0,0,0,0,0,0,1,7.6,2.6,0.32,1,0.723967312170435
1,1,120.0,111.6,0,1,0,0,20,14.5,12.66666667,0,0,0,0,0,0,0,0,1,0,0,0,0,0,0,0,12.4,0.5,1.79,1,0.9478568815375468
1,1,129.0,127.8,1,1,0,0,19,13.78,13.78,0,0,0,0,0,0,0,0,0,0,1,0,0,0,0,0,9.4,-0.8,-3.12,1,0.9420026358092324
1,0,130.0,133.9,0,1,0,0,28,13.71428571,13.14285714,0,0,0,0,0,0,0,0,0,0,0,0,0,0,0,1,16.2,0.3,-0.92,1,0.8084210994149115
1,1,132.0,129.9,1,1,0,1,19,13.0,12.16666667,0,0,0,0,0,0,0,0,0,1,0,0,0,0,0,0,8.9,1.4,3.51,1,0.9252593234848542
1,1,130.0,126.1,1,0,1,0,27,0.0,0.0,0,0,1,0,0,0,0,0,0,0,0,0,0,0,0,0,15.5,2.8,-4.06,0,2.4748765832875266e-05
1,1,130.0,110.0,1,1,0,0,24,15.16666667,15.5,0,0,0,1,0,0,0,0,0,0,0,0,0,0,0,0,15.5,2.8,-4.06,1,0.9548711298514297
1,1,140.0,124.6,1,1,0,0,19,14.2,14.57142857,0,0,0,0,0,0,0,0,0,0,0,0,0,1,0,0,15.5,2.8,-4.06,1,0.9110775586807336
1,1,138.0,127.2,1,1,0,1,18,13.26,14.28625,0,0,0,0,0,0,0,0,0,0,1,0,0,0,0,0,15.5,2.8,-4.06,1,0.9783812240335716
1,1,130.0,100.0,0,0,1,0,28,11.88888889,11.6,0,0,1,0,0,0,0,0,0,0,0,0,0,0,0,0,15.5,2.8,-4.06,0,0.03655694346955503
1,1,105.0,106.1,1,1,0,0,20,11.5,13.28571429,0,0,0,0,0,0,0,0,1,0,0,0,0,0,0,0,11.1,0.6,2.02,1,0.9211282398145464
1,1,116.0,112.2,0,1,1,0,19,0.0,0.0,0,0,0,0,0,1,0,0,0,0,0,0,0,0,0,0,16.2,0.3,-0.92,0,5.089553951263429e-05
2,0,170.0,170.0,0,1,0,0,27,0.0,0.0,0,1,0,0,0,0,0,0,0,0,0,0,0,0,0,0,9.4,-0.8,-3.12,0,0.004886435347007713
1,1,130.0,101.3,1,1,1,0,20,12.8,0.0,0,0,0,0,1,0,0,0,0,0,0,0,0,0,0,0,12.4,0.5,1.79,0,0.009934154486111575
1,1,137.0,131.0,1,1,0,1,18,13.73125,13.73125,0,0,0,0,0,0,0,0,0,0,1,0,0,0,0,0,9.4,-0.8,-3.12,1,0.9798066061893012
1,1,133.1,101.0,0,1,0,0,25,0.0,0.0,0,0,0,0,0,0,0,0,0,1,0,0,0,0,0,0,15.5,2.8,-4.06,0,0.0006405668450246525
1,1,125.0,121.5,0,1,0,0,19,11.66666667,11.0,0,0,0,0,0,0,0,0,1,0,0,0,0,0,0,0,13.9,-0.3,0.79,1,0.8344555092637265
1,1,133.0,133.7,1,1,0,0,19,13.0,0.0,0,0,0,0,0,0,0,0,0,0,0,0,0,1,0,0,7.6,2.6,0.32,0,0.02588261102226532
1,1,130.0,130.0,0,0,0,0,27,11.5,11.0,0,0,0,0,0,0,1,0,0,0,0,0,0,0,0,0,12.7,3.7,-1.7,0,0.010653552110395096
4,0,133.1,144.5,0,1,0,0,45,12.5,11.66666667,0,1,0,0,0,0,0,0,0,0,0,0,0,0,0,0,16.2,0.3,-0.92,1,0.8471575384577877
1,1,150.0,135.0,0,1,0,0,29,11.14285714,11.375,0,0,0,0,0,0,0,0,0,0,0,0,0,0,1,0,12.7,3.7,-1.7,0,0.2164528703880273
1,1,125.0,121.5,1,1,0,0,20,13.5,11.225,0,0,0,0,0,0,0,0,0,0,0,1,0,0,0,0,11.1,0.6,2.02,1,0.739375590558341
1,1,147.0,142.0,1,1,0,0,18,14.65,14.65,0,0,0,0,0,0,0,0,0,0,1,0,0,0,0,0,7.6,2.6,0.32,1,0.9723252887988785
1,1,150.0,150.0,0,0,0,0,26,0.0,0.0,0,0,0,0,1,0,0,0,0,0,0,0,0,0,0,0,8.9,1.4,3.51,0,3.907263270932097e-05
1,1,127.0,133.7,1,1,1,0,18,13.0,11.8,0,0,0,0,0,0,0,0,0,0,0,0,0,1,0,0,12.7,3.7,-1.7,1,0.683468845670506
1,0,133.1,128.2,0,1,0,0,33,0.0,0.0,0,0,0,0,0,0,0,0,0,0,0,0,0,0,0,1,12.7,3.7,-1.7,0,0.0006400879856365324
1,1,129.0,121.0,0,1,0,1,22,12.83333333,13.25,0,0,0,0,0,0,0,0,0,1,0,0,0,0,0,0,16.2,0.3,-0.92,1,0.9259136740113406
1,1,139.0,128.2,1,1,1,1,19,0.0,0.0,1,0,0,0,0,0,0,0,0,0,0,0,0,0,0,0,10.8,1.4,1.74,1,0.6871993984123351
1,1,121.0,125.9,1,1,1,0,18,0.0,0.0,0,0,0,0,0,0,0,0,0,1,0,0,0,0,0,0,13.9,-0.3,0.79,0,0.0007639647757913225
1,1,130.0,130.0,0,0,0,0,28,12.0,0.0,0,0,0,0,1,0,0,0,0,0,0,0,0,0,0,0,10.8,1.4,1.74,0,0.0004553258069114817
1,1,137.0,133.2,1,1,0,1,19,14.71428571,15.0,0,0,0,0,0,0,0,0,0,0,0,0,0,1,0,0,13.9,-0.3,0.79,1,0.9794226626133655
1,1,113.0,112.3,1,1,0,1,20,11.6,11.75,0,0,0,0,0,0,0,0,1,0,0,0,0,0,0,0,8.9,1.4,3.51,1,0.9538834420088393
3,0,120.0,170.0,0,1,1,0,43,11.8,14.0,0,0,0,0,0,0,0,0,0,0,0,0,0,0,0,1,9.4,-0.8,-3.12,1,0.7647793576850798
1,1,133.0,120.4,0,0,0,0,21,11.5,13.0,0,0,0,0,0,0,0,0,1,0,0,0,0,0,0,0,9.4,-0.8,-3.12,0,0.2641584089215199
1,1,148.0,141.4,0,1,1,0,19,0.0,0.0,0,0,0,1,0,0,0,0,0,0,0,0,0,0,0,0,15.5,2.8,-4.06,0,0.001168931985849977
4,0,160.0,97.0,0,1,0,1,35,11.33333333,11.33333333,0,1,0,0,0,0,0,0,0,0,0,0,0,0,0,0,15.5,2.8,-4.06,1,0.9133553989843805
1,1,170.0,165.8,1,1,1,0,18,14.5,15.16666667,0,0,0,1,0,0,0,0,0,0,0,0,0,0,0,0,9.4,-0.8,-3.12,1,0.9559043395592476
1,1,142.0,127.0,1,1,0,0,18,12.33333333,12.6,0,0,0,0,1,0,0,0,0,0,0,0,0,0,0,0,10.8,1.4,1.74,1,0.7964305337483804
1,1,133.0,121.8,0,1,1,1,18,12.93875,12.93875,0,0,0,0,0,0,0,0,0,0,1,0,0,0,0,0,9.4,-0.8,-3.12,1,0.9501317804347834
1,1,139.0,131.8,1,1,0,0,18,14.65285714,14.65285714,0,0,0,0,0,0,0,0,0,0,1,0,0,0,0,0,10.8,1.4,1.74,1,0.9679849463289822
1,1,150.0,150.0,1,1,0,0,26,11.83333333,12.46153846,0,0,0,0,1,0,0,0,0,0,0,0,0,0,0,0,15.5,2.8,-4.06,1,0.6800725336565442
1,1,124.0,116.3,1,1,0,0,20,12.2,11.5,0,0,0,1,0,0,0,0,0,0,0,0,0,0,0,0,16.2,0.3,-0.92,1,0.7302106941742615
1,0,150.0,148.0,0,1,0,0,26,11.66666667,12.0,0,1,0,0,0,0,0,0,0,0,0,0,0,0,0,0,9.4,-0.8,-3.12,1,0.8853395733511676
2,1,160.0,96.0,0,0,0,0,29,12.33333333,0.0,0,0,0,0,0,0,0,1,0,0,0,0,0,0,0,0,10.8,1.4,1.74,0,0.0003863317834288354
1,1,152.0,156.9,0,1,0,1,18,14.668,14.63375,0,0,0,0,0,0,0,0,0,0,1,0,0,0,0,0,15.5,2.8,-4.06,1,0.9898330174684999
1,1,121.0,114.4,0,1,0,1,18,12.66666667,12.83333333,0,0,0,0,0,0,0,0,0,0,0,0,0,1,0,0,11.1,0.6,2.02,1,0.9353826789964067
1,1,130.0,130.0,0,1,1,0,28,13.05882353,12.30769231,0,0,1,0,0,0,0,0,0,0,0,0,0,0,0,0,15.5,2.8,-4.06,1,0.7208478463069774
1,1,140.0,140.0,1,1,0,0,34,0.0,0.0,1,0,0,0,0,0,0,0,0,0,0,0,0,0,0,0,10.8,1.4,1.74,0,0.3671847248188113
1,1,124.0,122.3,1,1,0,0,19,11.66666667,12.33333333,0,0,0,0,0,0,0,0,0,1,0,0,0,0,0,0,13.9,-0.3,0.79,1,0.7254878427237028
1,1,118.0,120.5,1,1,1,0,20,13.33333333,13.57142857,0,0,0,0,0,1,0,0,0,0,0,0,0,0,0,0,12.4,0.5,1.79,0,0.2415591095769308
1,1,137.0,126.5,1,1,0,0,18,13.76375,13.76375,0,0,0,0,0,0,0,0,0,0,1,0,0,0,0,0,9.4,-0.8,-3.12,1,0.9411647287984213
1,1,116.0,108.7,1,1,1,0,18,11.0,0.0,0,0,0,0,0,0,0,0,1,0,0,0,0,0,0,0,11.1,0.6,2.02,0,0.02656292016128723
1,1,150.0,150.0,1,1,1,0,22,14.5,14.6,0,0,0,0,0,0,1,0,0,0,0,0,0,0,0,0,10.8,1.4,1.74,1,0.7043647048937067
1,0,123.0,121.3,1,1,0,0,25,12.83333333,12.83333333,0,1,0,0,0,0,0,0,0,0,0,0,0,0,0,0,7.6,2.6,0.32,1,0.9332964945149684
1,1,135.0,129.8,1,1,1,0,20,12.8,12.75,0,0,0,0,0,0,0,0,0,0,0,0,0,1,0,0,15.5,2.8,-4.06,1,0.6924954783154811
1,1,146.0,137.8,0,1,1,0,18,13.6,12.66666667,0,0,0,0,0,0,1,0,0,0,0,0,0,0,0,0,13.9,-0.3,0.79,0,0.4892342993310754
1,1,148.0,131.6,0,1,1,1,18,15.5,15.5,0,0,0,0,1,0,0,0,0,0,0,0,0,0,0,0,11.1,0.6,2.02,1,0.98222227087134
4,0,100.0,111.5,0,1,1,0,45,11.5,11.0,0,1,0,0,0,0,0,0,0,0,0,0,0,0,0,0,10.8,1.4,1.74,1,0.6959958519124776
1,1,133.1,120.0,1,0,1,0,41,0.0,0.0,0,0,0,0,0,0,1,0,0,0,0,0,0,0,0,0,12.7,3.7,-1.7,0,1.921767610423044e-06
1,1,116.0,110.4,1,1,1,0,19,11.5,12.28571429,0,0,0,1,0,0,0,0,0,0,0,0,0,0,0,0,8.9,1.4,3.51,1,0.7362141444089643
1,1,110.0,160.0,1,1,0,0,30,16.42857143,16.66666667,0,0,0,0,1,0,0,0,0,0,0,0,0,0,0,0,13.9,-0.3,0.79,1,0.9762289361236679
2,0,100.0,128.2,0,1,1,0,46,12.2,12.8,0,0,0,0,0,0,0,0,0,0,0,0,0,0,0,1,7.6,2.6,0.32,1,0.5491992678769557
1,1,128.0,116.5,1,1,1,0,18,12.0,12.14285714,0,0,0,0,1,0,0,0,0,0,0,0,0,0,0,0,10.8,1.4,1.74,1,0.6496663329062587
1,1,114.0,114.5,1,1,0,1,19,13.09428571,12.55,0,0,0,0,0,0,0,0,0,0,1,0,0,0,0,0,12.4,0.5,1.79,1,0.9581997303704972
1,1,133.1,128.0,1,0,1,0,32,0.0,0.0,0,0,0,0,0,0,0,0,0,0,1,0,0,0,0,0,16.2,0.3,-0.92,0,1.9853784825778796e-05
2,0,100.0,125.3,1,1,1,0,41,11.25,11.0,0,0,0,0,0,0,0,0,0,0,0,0,0,0,0,1,7.6,2.6,0.32,0,0.34791700575220463
5,1,120.0,120.0,0,1,0,0,32,12.69230769,12.38461538,0,0,0,0,0,0,0,0,0,1,0,0,0,0,0,0,10.8,1.4,1.74,1,0.8537122184099284
1,1,132.0,119.1,0,1,1,0,18,12.66666667,11.14285714,0,0,0,0,0,0,0,0,0,0,0,0,1,0,0,0,10.8,1.4,1.74,1,0.6100860545619521
1,1,100.0,114.0,1,0,0,0,31,12.56,12.56,0,0,0,0,0,0,0,0,0,0,1,0,0,0,0,0,7.6,2.6,0.32,0,0.13493010764963773
4,1,133.1,140.0,0,1,0,1,26,12.74,10.97857143,0,0,0,0,0,0,0,0,0,0,1,0,0,0,0,0,16.2,0.3,-0.92,1,0.9461841947649425
1,0,134.0,120.6,1,1,1,0,27,12.33333333,13.0,0,0,0,0,0,0,0,0,0,0,0,0,0,0,0,1,11.1,0.6,2.02,1,0.644749398086551
1,1,120.0,115.0,0,0,0,0,20,10.5,12.33333333,0,0,0,0,1,0,0,0,0,0,0,0,0,0,0,0,7.6,2.6,0.32,0,0.08107326203458752
1,1,108.0,115.0,1,0,0,0,20,0.0,0.0,0,0,0,0,0,0,0,0,0,0,0,0,0,1,0,0,8.9,1.4,3.51,0,4.2969130041827114e-05
2,0,150.0,120.1,0,0,0,0,39,11.91666667,11.25,0,0,0,0,0,0,0,0,0,0,0,0,0,0,0,1,10.8,1.4,1.74,0,0.028802304773325352
1,1,122.0,119.6,1,1,0,1,19,12.33333333,12.83333333,0,0,0,0,0,0,0,0,0,1,0,0,0,0,0,0,12.4,0.5,1.79,1,0.9220153790263276
1,1,103.0,104.1,0,1,0,0,20,0.0,0.0,0,0,0,0,0,0,0,0,1,0,0,0,0,0,0,0,8.9,1.4,3.51,0,0.004029868527949902
1,1,140.0,127.5,1,1,0,1,20,12.32777778,11.736,0,0,0,0,0,0,0,0,0,0,1,0,0,0,0,0,15.5,2.8,-4.06,1,0.9182374448686778
1,1,130.0,124.8,0,1,0,1,18,11.5,14.0,0,0,0,0,0,0,0,0,1,0,0,0,0,0,0,0,11.1,0.6,2.02,1,0.9834766556212401
1,1,168.0,171.2,0,1,1,1,18,17.33333333,18.57142857,0,0,0,0,0,1,0,0,0,0,0,0,0,0,0,0,12.4,0.5,1.79,1,0.9657373854354162
1,1,177.0,155.7,0,1,0,1,18,15.66666667,13.83333333,0,0,0,0,0,0,0,0,0,0,0,0,0,1,0,0,8.9,1.4,3.51,1,0.9806661911923834
1,1,113.0,112.3,0,1,0,0,20,12.375,13.14285714,0,0,0,0,0,0,0,0,0,0,0,0,1,0,0,0,11.1,0.6,2.02,1,0.8320730759822882
2,1,133.1,120.9,1,1,0,0,39,12.0,12.5625,0,0,0,0,0,0,0,0,0,0,1,0,0,0,0,0,11.1,0.6,2.02,1,0.7245066629598431
1,1,125.0,117.0,0,1,0,1,19,13.42857143,13.16666667,0,0,0,0,0,0,0,0,0,0,0,0,0,0,1,0,15.5,2.8,-4.06,1,0.8121662457974715
1,1,130.0,150.0,0,0,1,0,28,15.09090909,15.0,0,0,1,0,0,0,0,0,0,0,0,0,0,0,0,0,11.1,0.6,2.02,0,0.380033028947311
1,1,151.0,151.0,1,1,0,0,18,0.0,0.0,0,0,0,0,0,0,0,0,0,0,0,0,0,1,0,0,9.4,-0.8,-3.12,0,0.0013872954540569108
1,1,123.9,123.9,0,1,1,0,20,12.6,12.75,0,0,0,1,0,0,0,0,0,0,0,0,0,0,0,0,16.2,0.3,-0.92,1,0.7893959105474793
1,0,120.0,113.0,0,1,0,1,24,12.0,13.0,0,1,0,0,0,0,0,0,0,0,0,0,0,0,0,0,10.8,1.4,1.74,1,0.9734073784604418
1,1,145.0,138.8,1,1,0,1,18,12.95,12.95,0,0,0,0,0,0,0,0,0,0,1,0,0,0,0,0,7.6,2.6,0.32,1,0.9716205364849486
1,1,134.0,122.8,0,1,1,0,18,12.0,12.5,0,0,0,0,0,0,0,0,0,0,0,0,0,1,0,0,12.7,3.7,-1.7,1,0.688581082615861
1,1,120.0,118.3,0,1,0,1,20,12.0,12.75,0,0,0,0,0,0,0,0,1,0,0,0,0,0,0,0,13.9,-0.3,0.79,1,0.9694291155459948
1,1,140.0,100.8,0,1,0,0,26,0.0,0.0,1,0,0,0,0,0,0,0,0,0,0,0,0,0,0,0,16.2,0.3,-0.92,0,0.35749833055589786
1,1,137.0,122.7,1,1,0,1,18,15.28571429,16.075,0,0,0,0,0,0,0,0,0,0,0,1,0,0,0,0,12.4,0.5,1.79,1,0.9897255670481844
1,1,134.0,132.7,1,1,1,0,22,14.0,13.0,0,0,0,1,0,0,0,0,0,0,0,0,0,0,0,0,15.5,2.8,-4.06,1,0.8295632810510347
1,1,126.0,119.0,0,1,0,1,18,12.16666667,12.14285714,0,0,0,0,0,0,0,0,0,0,0,0,0,1,0,0,15.5,2.8,-4.06,1,0.8931855088417471
1,1,130.0,130.0,1,1,1,0,23,12.57142857,12.42857143,0,0,1,0,0,0,0,0,0,0,0,0,0,0,0,0,8.9,1.4,3.51,1,0.7876165142343093
1,1,128.0,157.4,1,1,0,0,26,16.5,14.28571429,0,0,0,0,1,0,0,0,0,0,0,0,0,0,0,0,8.9,1.4,3.51,1,0.9535668037677613
4,1,130.0,130.0,0,1,0,0,41,0.0,0.0,0,0,0,0,0,0,0,0,1,0,0,0,0,0,0,0,11.1,0.6,2.02,0,0.0027680611308875933
1,1,145.0,130.0,1,1,0,0,18,13.76125,13.76125,0,0,0,0,0,0,0,0,0,0,1,0,0,0,0,0,9.4,-0.8,-3.12,1,0.9403373845193836
1,1,132.0,122.9,1,1,0,0,20,13.85714286,13.28571429,0,0,0,0,0,0,0,0,0,0,0,0,0,0,1,0,11.1,0.6,2.02,1,0.6328833310553019
1,1,140.0,140.0,0,1,1,0,25,14.66666667,13.5,0,0,0,0,0,0,0,0,0,0,0,0,0,1,0,0,11.1,0.6,2.02,1,0.8331212330517961
2,1,120.0,120.5,1,1,1,0,35,10.64285714,10.66666667,0,0,1,0,0,0,0,0,0,0,0,0,0,0,0,0,15.5,2.8,-4.06,0,0.3676769642163552
1,1,154.0,150.2,0,1,0,1,18,14.5,14.66666667,0,0,0,0,0,0,0,0,0,0,0,0,0,1,0,0,16.2,0.3,-0.92,1,0.978433508581763
1,1,133.1,120.0,0,1,1,0,32,12.0,0.0,0,0,0,0,0,0,0,0,0,0,0,0,1,0,0,0,11.1,0.6,2.02,0,0.0058657479743317005
1,1,128.0,123.5,1,0,1,0,19,12.5,0.0,0,0,0,1,0,0,0,0,0,0,0,0,0,0,0,0,9.4,-0.8,-3.12,0,0.0006735354529169316
4,0,133.1,153.0,0,0,0,0,40,0.0,0.0,0,0,0,0,0,0,0,0,0,0,0,0,0,0,0,1,7.6,2.6,0.32,0,4.781714260111143e-05
1,1,139.0,124.5,1,1,0,0,19,12.04142857,12.04142857,0,0,0,0,0,0,0,0,0,0,1,0,0,0,0,0,10.8,1.4,1.74,1,0.8325308507371745
1,1,127.0,138.8,1,1,0,0,22,14.15384615,15.42857143,0,0,0,0,1,0,0,0,0,0,0,0,0,0,0,0,8.9,1.4,3.51,1,0.9532476874715046
1,1,140.0,140.0,0,1,0,0,33,14.35,14.58333333,0,0,0,0,0,0,0,0,0,0,1,0,0,0,0,0,16.2,0.3,-0.92,1,0.9220062551230003
1,1,147.0,141.8,1,1,0,0,19,13.0,12.8,0,0,0,0,0,0,1,0,0,0,0,0,0,0,0,0,13.9,-0.3,0.79,1,0.5536255796121362
1,1,130.0,130.0,1,1,1,0,18,11.0,11.25,0,0,0,0,0,0,0,0,0,1,0,0,0,0,0,0,16.2,0.3,-0.92,0,0.48012403522103114
1,1,140.0,146.4,0,1,0,0,18,12.6,11.6,0,0,0,0,1,0,0,0,0,0,0,0,0,0,0,0,7.6,2.6,0.32,1,0.8030666448849993
1,1,132.0,120.3,1,1,0,1,18,13.75,14.47777778,0,0,0,0,0,0,0,0,0,0,1,0,0,0,0,0,12.4,0.5,1.79,1,0.9835487708864539
1,1,150.0,154.8,1,1,1,0,21,0.0,0.0,1,0,0,0,0,0,0,0,0,0,0,0,0,0,0,0,12.4,0.5,1.79,0,0.43045074754959367
1,1,135.0,130.1,1,1,0,0,18,13.66666667,13.0,0,0,0,0,0,0,0,0,0,0,0,0,0,1,0,0,15.5,2.8,-4.06,1,0.8435604962391319
1,1,133.1,100.0,0,1,1,0,35,11.55555556,11.61538462,0,0,1,0,0,0,0,0,0,0,0,0,0,0,0,0,15.5,2.8,-4.06,0,0.4103287059197848
1,1,137.0,136.3,1,1,0,0,20,12.5,12.25,0,0,0,0,0,0,1,0,0,0,0,0,0,0,0,0,10.8,1.4,1.74,0,0.48726737391919656
1,1,134.0,133.5,1,1,1,1,20,11.9725,12.65125,0,0,0,0,0,0,0,0,0,0,1,0,0,0,0,0,15.5,2.8,-4.06,1,0.9130273242130256
1,1,108.0,105.2,1,1,1,0,25,11.53846154,12.4,0,0,0,1,0,0,0,0,0,0,0,0,0,0,0,0,12.7,3.7,-1.7,1,0.6503784044407943
2,1,133.1,101.0,1,1,0,0,26,12.66666667,11.0,0,0,0,0,1,0,0,0,0,0,0,0,0,0,0,0,15.5,2.8,-4.06,1,0.5541504559855023
1,1,150.0,110.0,1,1,1,1,33,13.07285714,13.07285714,0,0,0,0,0,0,0,0,0,0,1,0,0,0,0,0,9.4,-0.8,-3.12,1,0.8709384962205561
1,1,130.0,130.0,1,1,0,0,23,0.0,0.0,0,0,0,0,1,0,0,0,0,0,0,0,0,0,0,0,11.1,0.6,2.02,0,0.001028031481903974
1,1,140.0,140.0,0,1,0,0,19,12.0,12.66666667,0,0,1,0,0,0,0,0,0,0,0,0,0,0,0,0,12.4,0.5,1.79,1,0.8769031608607049
2,0,133.1,113.5,0,1,0,1,50,13.25,11.71428571,0,1,0,0,0,0,0,0,0,0,0,0,0,0,0,0,12.7,3.7,-1.7,1,0.8869635277460604
1,1,120.0,140.4,0,1,0,0,31,11.4,11.75,0,0,0,0,0,0,0,0,0,0,0,0,1,0,0,0,13.9,-0.3,0.79,1,0.5795226823944514
1,1,125.0,117.8,1,1,0,0,18,13.03,13.21875,0,0,0,0,0,0,0,0,0,0,1,0,0,0,0,0,15.5,2.8,-4.06,1,0.9013736500529668
1,1,170.0,170.0,1,1,1,0,20,14.5,15.3,0,0,1,0,0,0,0,0,0,0,0,0,0,0,0,0,16.2,0.3,-0.92,1,0.9516287406491435
1,1,133.1,101.5,0,0,1,0,34,0.0,0.0,0,0,0,0,0,0,0,0,0,1,0,0,0,0,0,0,15.5,2.8,-4.06,0,8.535738469601132e-06
2,1,120.0,120.0,1,1,0,0,33,13.3,13.72727273,0,0,0,0,0,0,0,0,0,1,0,0,0,0,0,0,9.4,-0.8,-3.12,1,0.8206504336086372
1,1,131.0,126.5,0,1,0,1,18,10.6,11.8,0,0,0,0,0,0,0,1,0,0,0,0,0,0,0,0,12.4,0.5,1.79,1,0.8681728522736105
1,1,127.0,116.9,0,1,1,0,21,11.0,12.4,0,0,0,0,0,0,0,0,0,1,0,0,0,0,0,0,15.5,2.8,-4.06,1,0.5642190018180004
1,1,140.0,143.4,1,1,0,0,21,0.0,0.0,1,0,0,0,0,0,0,0,0,0,0,0,0,0,0,0,9.4,-0.8,-3.12,1,0.5414645800028709
1,1,132.0,127.1,0,1,1,0,23,12.33333333,13.0,0,0,0,0,0,0,0,0,0,0,0,0,0,1,0,0,7.6,2.6,0.32,1,0.7353123754703709
1,1,143.0,133.9,1,1,1,1,18,13.5,13.0,0,0,0,0,0,0,0,0,0,0,0,0,0,1,0,0,16.2,0.3,-0.92,1,0.9035991724695751
1,1,125.0,118.3,0,1,1,0,20,12.002,12.002,0,0,0,0,0,0,0,0,0,0,1,0,0,0,0,0,10.8,1.4,1.74,1,0.7661044261030654
1,1,128.0,117.2,0,1,1,0,20,14.6,14.2,0,0,0,0,1,0,0,0,0,0,0,0,0,0,0,0,12.7,3.7,-1.7,1,0.8812802189675227
1,1,133.0,123.2,1,1,0,1,19,13.33333333,13.66666667,0,0,0,0,0,0,1,0,0,0,0,0,0,0,0,0,8.9,1.4,3.51,1,0.8634450608894642
1,1,131.0,118.4,0,1,0,0,19,12.0,12.83333333,0,0,0,0,0,0,1,0,0,0,0,0,0,0,0,0,7.6,2.6,0.32,1,0.5502519595779665
1,1,119.0,123.2,1,1,1,0,22,14.16666667,13.625,0,0,0,1,0,0,0,0,0,0,0,0,0,0,0,0,10.8,1.4,1.74,1,0.8866305089796422
1,1,131.0,135.9,1,1,0,0,18,13.2,11.33333333,0,0,0,0,0,0,0,0,1,0,0,0,0,0,0,0,9.4,-0.8,-3.12,1,0.9053152368607409
4,0,120.0,113.9,1,1,0,0,39,11.0,11.6,0,0,0,0,0,0,0,0,0,0,0,0,0,0,0,1,7.6,2.6,0.32,1,0.6031432000358582
1,1,130.0,130.0,0,1,0,0,23,13.22,13.22,0,0,0,0,0,0,0,0,0,0,1,0,0,0,0,0,9.4,-0.8,-3.12,1,0.9110995603324029
1,1,120.0,120.0,1,0,1,0,25,12.36363636,12.25,0,0,0,0,0,0,0,0,0,0,0,0,0,0,0,0,11.1,0.6,2.02,0,0.031550758436676346
1,1,147.0,141.1,1,1,0,0,20,13.0,14.2125,0,0,0,0,0,0,0,0,0,0,1,0,0,0,0,0,13.9,-0.3,0.79,1,0.9346342534715883
1,1,114.0,110.2,1,1,1,0,20,12.2,12.2,0,0,0,0,0,0,0,0,0,0,0,0,0,0,1,0,10.8,1.4,1.74,0,0.32192585355652814
1,1,129.0,117.8,1,1,0,0,18,12.0,12.5,0,0,0,0,0,0,0,0,0,1,0,0,0,0,0,0,8.9,1.4,3.51,1,0.785513437254114
1,1,140.0,135.1,0,1,1,0,61,0.0,0.0,0,0,0,0,0,0,0,1,0,0,0,0,0,0,0,0,15.5,2.8,-4.06,0,8.201698940458377e-05
1,1,135.0,124.5,0,1,0,1,18,11.14285714,12.28571429,0,0,0,0,0,0,0,0,1,0,0,0,0,0,0,0,16.2,0.3,-0.92,1,0.9556456058790581
1,1,145.0,138.0,1,1,0,0,20,11.2,12.0,0,0,0,0,0,0,0,0,1,0,0,0,0,0,0,0,9.4,-0.8,-3.12,1,0.8715453695333922
1,1,135.0,125.8,1,1,0,0,18,13.15428571,13.15428571,0,0,0,0,0,0,0,0,0,0,1,0,0,0,0,0,10.8,1.4,1.74,1,0.9175946394730893
1,1,124.0,118.1,1,0,0,0,18,13.0,11.8,0,0,0,0,0,0,0,0,0,0,0,0,0,0,1,0,9.4,-0.8,-3.12,0,0.02807360629649567
1,1,135.0,133.3,0,1,0,0,19,13.0,13.2,0,0,0,0,0,0,0,0,0,0,0,0,1,0,0,0,9.4,-0.8,-3.12,1,0.8679330801341416
1,1,134.0,120.7,0,0,0,0,19,10.66666667,12.25,0,0,0,0,0,0,0,0,0,0,0,0,1,0,0,0,15.5,2.8,-4.06,0,0.06394595209997907
1,1,138.0,126.5,1,1,0,1,20,12.85714286,11.8,0,0,0,0,0,0,0,0,0,1,0,0,0,0,0,0,8.9,1.4,3.51,1,0.9010688795543332
1,1,137.0,125.8,0,1,1,0,20,12.2,12.33333333,0,0,0,0,0,0,0,0,0,0,0,0,0,1,0,0,12.7,3.7,-1.7,1,0.6619262272867893
1,1,140.0,125.2,0,1,0,0,41,12.33333333,12.10526316,0,0,0,0,0,0,0,0,0,0,0,0,0,0,1,0,12.4,0.5,1.79,0,0.19841856024466073
1,1,140.0,135.1,1,1,0,0,18,13.5,12.5,0,0,0,0,0,0,0,0,0,0,0,0,0,1,0,0,9.4,-0.8,-3.12,1,0.8334053064352507
1,1,132.0,119.1,1,1,0,0,18,11.0,10.75,0,0,0,0,0,0,0,0,1,0,0,0,0,0,0,0,7.6,2.6,0.32,1,0.8142472973772225
1,1,153.0,137.6,1,1,0,0,18,16.0,14.33333333,0,0,0,0,0,0,0,0,0,0,0,0,0,1,0,0,12.4,0.5,1.79,1,0.9455601216410175
1,0,133.1,119.0,0,1,1,0,39,13.22222222,13.14285714,0,1,0,0,0,0,0,0,0,0,0,0,0,0,0,0,8.9,1.4,3.51,1,0.8361624743235988
1,1,134.0,129.8,1,1,0,0,20,14.85,14.85,0,0,0,0,0,0,0,0,0,0,1,0,0,0,0,0,7.6,2.6,0.32,1,0.9717859709136641
4,0,160.0,126.0,0,1,0,1,38,12.88888889,13.0,0,1,0,0,0,0,0,0,0,0,0,0,0,0,0,0,13.9,-0.3,0.79,1,0.9726298435715143
1,1,150.0,137.8,1,1,1,1,19,13.2,12.66666667,0,0,0,0,0,0,0,1,0,0,0,0,0,0,0,0,16.2,0.3,-0.92,1,0.888053150011196
2,1,133.1,120.0,0,1,1,0,53,12.25,11.75,0,0,0,0,0,0,1,0,0,0,0,0,0,0,0,0,9.4,-0.8,-3.12,0,0.08577738668155564
1,0,126.0,142.4,0,1,0,0,32,0.0,0.0,0,1,0,0,0,0,0,0,0,0,0,0,0,0,0,0,7.6,2.6,0.32,0,0.0032674972679787614
1,1,123.0,118.8,1,1,0,1,18,12.0,12.33333333,0,0,0,0,0,0,0,0,0,0,0,0,1,0,0,0,11.1,0.6,2.02,1,0.9068180176001369
1,1,180.0,180.0,0,1,0,0,21,15.83333333,15.5,0,0,1,0,0,0,0,0,0,0,0,0,0,0,0,0,15.5,2.8,-4.06,1,0.9808362649137979
1,0,120.0,120.0,0,1,0,0,18,13.84615385,12.55555556,0,1,0,0,0,0,0,0,0,0,0,0,0,0,0,0,15.5,2.8,-4.06,1,0.9505795884025527
1,1,133.1,100.0,0,1,0,0,21,12.0,15.0,0,0,0,0,0,0,0,1,0,0,0,0,0,0,0,0,16.2,0.3,-0.92,1,0.8677397728838756
1,1,140.0,142.2,0,1,1,1,21,12.63636364,12.6,0,0,0,0,0,0,0,1,0,0,0,0,0,0,0,0,8.9,1.4,3.51,1,0.907767775920539
1,1,164.0,161.2,1,1,0,0,18,13.71428571,14.375,0,0,0,1,0,0,0,0,0,0,0,0,0,0,0,0,13.9,-0.3,0.79,1,0.948873857693739
1,1,124.0,117.7,1,1,0,0,18,12.0,12.0,0,0,0,0,0,0,0,0,1,0,0,0,0,0,0,0,16.2,0.3,-0.92,1,0.8759358343814116
1,1,110.0,107.7,0,0,0,0,28,0.0,0.0,0,0,0,0,0,0,0,0,0,0,0,0,0,0,1,0,10.8,1.4,1.74,0,7.160582121900664e-06
1,1,120.0,150.1,1,1,1,0,43,14.77777778,12.2,0,0,1,0,0,0,0,0,0,0,0,0,0,0,0,0,13.9,-0.3,0.79,1,0.6641375078982056
4,1,133.1,123.0,0,1,0,1,37,10.98571429,12.3,0,0,0,0,0,0,0,0,0,0,0,1,0,0,0,0,10.8,1.4,1.74,1,0.874118124741635
1,1,136.0,133.9,1,0,1,0,20,13.0,12.0,0,0,0,0,0,0,1,0,0,0,0,0,0,0,0,0,10.8,1.4,1.74,0,0.019920281667868214
1,1,130.0,113.0,1,0,1,0,35,13.0,0.0,0,0,1,0,0,0,0,0,0,0,0,0,0,0,0,0,15.5,2.8,-4.06,0,0.00026754410111134546
1,1,118.9,118.9,1,1,0,1,19,13.55,13.55,0,0,0,0,0,0,0,0,0,0,1,0,0,0,0,0,7.6,2.6,0.32,1,0.9787123610556696
1,1,140.0,129.1,1,1,0,1,20,12.81818182,13.54545455,0,0,0,0,0,0,0,0,1,0,0,0,0,0,0,0,12.4,0.5,1.79,1,0.9806170115884904
1,1,138.0,129.3,1,1,0,1,18,13.27166667,12.94375,0,0,0,0,0,0,0,0,0,0,1,0,0,0,0,0,12.4,0.5,1.79,1,0.9674579305976095
1,1,130.0,130.0,0,0,1,0,41,0.0,0.0,0,0,0,0,0,0,1,0,0,0,0,0,0,0,0,0,10.8,1.4,1.74,0,2.5302951255360843e-06
1,1,149.0,129.3,1,1,1,0,18,13.1,13.1,0,0,0,0,0,0,0,0,0,0,1,0,0,0,0,0,12.7,3.7,-1.7,1,0.858743399354865
2,0,114.0,116.7,0,1,1,0,49,13.33333333,11.6,0,0,0,0,0,0,0,0,0,0,0,0,0,0,0,1,16.2,0.3,-0.92,0,0.3304398480923436
1,1,135.0,121.8,0,1,0,1,19,13.18181818,12.90909091,0,0,0,1,0,0,0,0,0,0,0,0,0,0,0,0,11.1,0.6,2.02,1,0.9617739189919093
1,1,133.1,101.3,0,1,0,0,18,13.0,12.25,0,0,0,0,1,0,0,0,0,0,0,0,0,0,0,0,11.1,0.6,2.02,1,0.7791547095444011
1,1,133.0,119.7,1,1,1,0,19,13.25,11.83333333,0,0,0,0,0,0,0,1,0,0,0,0,0,0,0,0,13.9,-0.3,0.79,1,0.6573685896061984
1,1,130.0,130.5,1,1,0,0,19,12.45,12.45,0,0,0,0,0,0,0,0,0,0,1,0,0,0,0,0,7.6,2.6,0.32,1,0.8887176647367955
1,1,130.0,119.5,1,1,0,1,21,12.24285714,14.125,0,0,0,0,0,0,0,0,0,0,0,1,0,0,0,0,15.5,2.8,-4.06,1,0.9423783728181939
1,1,140.0,131.3,1,1,0,1,18,13.5,13.66666667,0,0,0,0,0,0,0,0,0,0,0,0,1,0,0,0,10.8,1.4,1.74,1,0.961149034898683
1,0,120.0,128.2,0,0,1,0,32,11.4,11.0,0,0,0,0,0,0,0,0,0,0,0,0,0,0,0,1,10.8,1.4,1.74,0,0.021364930203269912
1,1,117.0,113.5,1,1,0,0,19,12.16666667,13.16666667,0,0,0,0,0,0,0,0,0,0,0,0,0,0,1,0,12.4,0.5,1.79,1,0.5302733429744367
2,0,130.0,113.5,1,1,0,0,36,0.0,0.0,0,1,0,0,0,0,0,0,0,0,0,0,0,0,0,0,9.4,-0.8,-3.12,0,0.0020058712224437806
1,1,120.0,126.7,1,1,1,0,20,12.6,11.5,0,0,0,0,0,0,0,0,0,0,0,0,0,1,0,0,7.6,2.6,0.32,1,0.6414852811699564
2,1,151.0,134.5,0,1,0,1,18,14.2,14.2,0,0,0,0,0,0,0,0,0,0,1,0,0,0,0,0,7.6,2.6,0.32,1,0.9902211211624096
1,1,120.0,118.6,0,1,1,0,21,12.4,11.8,0,0,0,0,0,0,0,0,1,0,0,0,0,0,0,0,13.9,-0.3,0.79,1,0.8248074029510539
2,1,160.0,160.0,0,0,1,0,51,0.0,0.0,0,0,0,0,0,0,0,0,0,0,0,0,0,1,0,0,12.7,3.7,-1.7,0,7.152956428621602e-06
1,1,141.0,138.9,0,1,0,0,21,13.33333333,14.5,0,0,0,0,0,0,0,0,1,0,0,0,0,0,0,0,10.8,1.4,1.74,1,0.9719780297349583
1,1,142.0,123.5,1,1,0,0,19,0.0,0.0,0,0,0,0,0,0,0,0,0,0,1,0,0,0,0,0,12.7,3.7,-1.7,0,0.001948791959115929
1,1,184.4,184.4,0,1,0,0,18,15.0,14.33333333,0,0,0,0,1,0,0,0,0,0,0,0,0,0,0,0,11.1,0.6,2.02,1,0.9558751476135778
1,0,120.0,120.0,0,1,0,0,36,13.0,13.75,0,1,0,0,0,0,0,0,0,0,0,0,0,0,0,0,8.9,1.4,3.51,1,0.9271166524705423
1,1,132.0,141.8,1,1,1,0,20,11.83333333,12.16666667,0,0,0,0,0,0,0,0,0,0,0,0,0,1,0,0,12.7,3.7,-1.7,1,0.6454427382290175
1,1,115.0,112.6,0,1,1,1,20,12.57142857,12.16666667,0,0,0,0,0,0,0,0,0,1,0,0,0,0,0,0,8.9,1.4,3.51,1,0.8742676551018957
1,1,133.1,116.0,1,1,0,0,29,0.0,0.0,0,0,0,0,0,0,0,0,0,0,0,0,0,0,1,0,11.1,0.6,2.02,0,0.00016659189773405116
1,1,119.0,119.4,1,1,0,0,20,13.77571429,15.6,0,0,0,0,0,0,0,0,0,0,1,0,0,0,0,0,12.4,0.5,1.79,1,0.9688324262567726
1,1,142.0,132.9,0,1,1,0,22,0.0,0.0,1,0,0,0,0,0,0,0,0,0,0,0,0,0,0,0,12.7,3.7,-1.7,0,0.4025843835654987
1,1,140.0,148.0,1,0,1,0,31,0.0,0.0,0,0,0,0,0,0,0,0,0,0,0,0,1,0,0,0,12.7,3.7,-1.7,0,1.534362094360007e-05
1,1,133.1,120.0,0,1,0,0,40,10.0,15.0,0,0,0,0,0,0,0,0,1,0,0,0,0,0,0,0,16.2,0.3,-0.92,1,0.8370474749871467
1,1,128.0,116.5,0,1,1,1,18,11.5,12.6,0,0,0,0,0,0,0,0,0,0,0,0,0,1,0,0,10.8,1.4,1.74,1,0.8635930846535038
1,1,124.0,121.2,0,1,1,1,20,13.5,12.5,0,0,0,1,0,0,0,0,0,0,0,0,0,0,0,0,10.8,1.4,1.74,1,0.9361513600242592
1,1,135.0,121.0,0,1,1,0,19,0.0,0.0,0,0,0,0,0,1,0,0,0,0,0,0,0,0,0,0,12.4,0.5,1.79,0,5.719350380568374e-05
1,1,95.0,95.0,0,0,1,0,21,13.25,11.0,0,0,0,0,0,0,0,0,0,0,0,0,1,0,0,0,12.7,3.7,-1.7,0,0.043447155914533755
1,1,139.0,136.4,1,1,0,0,19,13.42222222,12.18888889,0,0,0,0,0,0,0,0,0,0,1,0,0,0,0,0,15.5,2.8,-4.06,1,0.8712570773174295
1,0,130.0,130.0,0,1,1,0,31,14.22222222,12.8,0,0,0,0,0,0,0,0,0,0,0,0,0,0,0,1,12.7,3.7,-1.7,1,0.7095645689092938
1,1,120.0,117.2,1,1,0,0,18,11.875,14.6,0,0,0,0,0,0,0,0,0,0,0,0,1,0,0,0,11.1,0.6,2.02,1,0.8917811492517351
1,1,133.1,104.5,1,1,0,0,21,12.5,0.0,0,0,0,0,0,0,0,0,0,0,0,1,0,0,0,0,12.4,0.5,1.79,0,0.015043369885333705
1,1,129.0,119.2,1,1,0,0,21,0.0,0.0,0,0,0,0,0,0,0,0,0,0,0,0,1,0,0,0,8.9,1.4,3.51,0,0.0011320366103899427
1,1,140.0,122.3,1,1,0,0,19,13.0,12.25,0,0,0,0,0,0,0,0,0,0,0,0,0,0,1,0,12.7,3.7,-1.7,0,0.4690458226427697
1,1,113.0,107.4,1,1,0,1,19,12.16666667,12.16666667,0,0,0,0,0,0,0,0,0,1,0,0,0,0,0,0,12.4,0.5,1.79,1,0.8899299408398545
2,1,111.0,162.4,0,0,1,0,49,11.6,11.2,0,0,1,0,0,0,0,0,0,0,0,0,0,0,0,0,8.9,1.4,3.51,0,0.03135792596526874
1,1,130.0,120.0,0,1,0,0,19,14.56666667,14.56666667,0,0,0,0,0,0,0,0,0,0,1,0,0,0,0,0,7.6,2.6,0.32,1,0.9690078799720828
1,1,135.0,137.5,1,0,1,0,19,0.0,0.0,1,0,0,0,0,0,0,0,0,0,0,0,0,0,0,0,12.7,3.7,-1.7,0,0.025977487141701974
1,0,128.0,122.1,0,1,0,0,21,12.8,11.85714286,0,1,0,0,0,0,0,0,0,0,0,0,0,0,0,0,7.6,2.6,0.32,1,0.9254904792308531
1,1,117.0,120.5,1,1,1,0,19,0.0,0.0,0,0,0,0,0,0,0,0,0,0,0,0,0,1,0,0,9.4,-0.8,-3.12,0,0.000755657495409621
1,1,125.0,114.9,1,0,0,0,21,13.66666667,10.66666667,0,0,0,0,0,0,0,0,0,0,0,0,0,0,1,0,15.5,2.8,-4.06,0,0.014496072963274551
1,1,144.0,126.5,1,1,0,1,20,13.48714286,13.48714286,0,0,0,0,0,0,0,0,0,0,1,0,0,0,0,0,10.8,1.4,1.74,1,0.9723024685540511
1,1,120.0,120.0,1,1,0,0,22,13.0,13.66666667,0,0,0,0,0,0,0,0,0,0,0,0,0,1,0,0,12.4,0.5,1.79,1,0.846318871520705
2,0,150.0,139.9,1,1,0,0,24,13.0,14.16666667,0,1,0,0,0,0,0,0,0,0,0,0,0,0,0,0,9.4,-0.8,-3.12,1,0.9687605258783132
1,0,145.7,145.7,1,1,0,0,25,13.33333333,12.27272727,0,1,0,0,0,0,0,0,0,0,0,0,0,0,0,0,13.9,-0.3,0.79,1,0.9161208234609186
1,0,120.0,152.4,0,1,1,0,27,15.2,14.16666667,0,0,0,0,0,0,0,0,0,0,0,0,0,0,0,1,10.8,1.4,1.74,1,0.9032267642202613
1,1,146.0,127.0,0,1,1,0,19,13.61428571,13.61428571,0,0,0,0,0,0,0,0,0,0,1,0,0,0,0,0,12.7,3.7,-1.7,1,0.898354972751116
1,0,133.1,126.3,0,1,0,1,26,0.0,0.0,0,0,0,0,0,0,0,0,0,0,0,0,0,0,0,1,16.2,0.3,-0.92,0,0.002357260706324946
1,1,121.0,114.9,0,1,1,1,21,13.34285714,11.65,0,0,0,0,0,0,0,0,0,0,1,0,0,0,0,0,12.4,0.5,1.79,1,0.9094422734858117
1,1,124.0,118.8,1,0,0,0,22,11.83333333,13.0,0,0,0,0,0,0,0,0,1,0,0,0,0,0,0,0,16.2,0.3,-0.92,0,0.22340367731780192
1,0,130.0,152.0,1,1,0,0,27,0.0,0.0,0,0,0,0,0,0,0,0,0,0,0,0,0,0,0,1,8.9,1.4,3.51,0,0.0011681019599321522
1,1,125.0,133.4,1,1,1,1,20,12.0,11.5,0,0,0,0,0,0,0,0,0,0,0,0,0,1,0,0,13.9,-0.3,0.79,1,0.7928488340424306
1,0,120.0,141.0,0,1,0,0,29,11.45454545,11.54545455,0,0,0,0,0,0,0,0,0,0,0,0,0,0,0,1,10.8,1.4,1.74,1,0.6309850601346085
1,1,111.0,128.2,1,1,1,0,23,12.5075,12.5075,0,0,0,0,0,0,0,0,0,0,1,0,0,0,0,0,9.4,-0.8,-3.12,1,0.8019346452471525
1,1,140.0,131.0,1,1,0,1,18,13.88125,13.88125,0,0,0,0,0,0,0,0,0,0,1,0,0,0,0,0,9.4,-0.8,-3.12,1,0.9813147235882869
1,1,132.0,122.6,1,1,0,1,18,12.28571429,12.0,0,0,0,0,0,0,0,0,0,1,0,0,0,0,0,0,8.9,1.4,3.51,1,0.9063304501281119
1,1,130.0,110.0,0,1,1,0,32,13.71428571,12.08333333,0,0,1,0,0,0,0,0,0,0,0,0,0,0,0,0,15.5,2.8,-4.06,1,0.6448271273224684
1,1,138.0,124.9,1,1,0,1,18,13.2375,13.74285714,0,0,0,0,0,0,0,0,0,0,1,0,0,0,0,0,13.9,-0.3,0.79,1,0.9737063299328464
1,1,135.0,132.8,1,1,0,1,18,11.72142857,11.72142857,0,0,0,0,0,0,0,0,0,0,1,0,0,0,0,0,12.7,3.7,-1.7,1,0.9296424346684298
1,1,124.0,123.3,1,1,0,1,20,14.90142857,14.90142857,0,0,0,0,0,0,0,0,0,0,1,0,0,0,0,0,9.4,-0.8,-3.12,1,0.9893316759751067
2,1,100.0,100.0,0,1,0,0,24,12.16666667,13.83333333,0,0,0,0,0,0,0,0,0,0,0,0,0,1,0,0,7.6,2.6,0.32,1,0.8723586690370418
1,1,140.0,140.0,1,0,0,0,21,11.5,13.25,0,0,0,0,0,0,0,0,0,1,0,0,0,0,0,0,13.9,-0.3,0.79,0,0.11003729725492974
1,1,148.0,131.9,1,1,0,1,18,14.15,14.51125,0,0,0,0,0,0,0,0,0,0,1,0,0,0,0,0,15.5,2.8,-4.06,1,0.9836024879855236
2,1,160.0,120.0,0,1,0,0,31,10.9,11.7,0,0,0,0,0,0,0,0,0,0,0,1,0,0,0,0,12.7,3.7,-1.7,1,0.5379119953450926
2,0,133.1,140.0,0,1,1,0,37,10.75,13.33333333,0,0,0,0,0,0,0,0,0,0,0,0,0,0,0,1,9.4,-0.8,-3.12,1,0.5920954815445332
1,1,120.0,113.0,1,1,0,1,20,11.71428571,12.625,0,0,0,0,0,0,0,0,1,0,0,0,0,0,0,0,13.9,-0.3,0.79,1,0.960376681501614
2,0,133.1,123.5,0,1,0,0,50,0.0,0.0,0,1,0,0,0,0,0,0,0,0,0,0,0,0,0,0,10.8,1.4,1.74,0,0.001153955672897822
1,1,123.0,116.7,0,1,0,1,18,12.16666667,12.66666667,0,0,0,0,0,0,0,0,0,0,0,0,0,1,0,0,12.4,0.5,1.79,1,0.9210410249684232
1,1,108.0,111.9,0,1,0,0,19,0.0,0.0,0,0,0,1,0,0,0,0,0,0,0,0,0,0,0,0,8.9,1.4,3.51,0,0.002273337460734739
1,1,130.0,129.1,1,1,0,0,18,13.04444444,13.595,0,0,0,0,0,0,0,0,0,0,1,0,0,0,0,0,15.5,2.8,-4.06,1,0.9206716632045429
2,1,130.0,130.0,0,1,0,0,39,0.0,0.0,0,0,0,0,0,0,0,0,0,1,0,0,0,0,0,0,12.4,0.5,1.79,0,0.0005844304607193631
1,1,132.0,124.0,1,1,1,0,21,12.33333333,11.25,0,0,0,0,0,0,0,0,0,0,0,0,1,0,0,0,7.6,2.6,0.32,1,0.5747782370274729
1,0,140.0,139.0,0,1,0,0,27,15.8,14.8,0,0,0,0,0,0,0,0,0,0,0,0,0,0,0,1,8.9,1.4,3.51,1,0.9491161081910381
1,1,140.0,140.0,0,1,1,0,27,0.0,0.0,0,0,0,0,0,0,0,0,0,0,1,0,0,0,0,0,12.4,0.5,1.79,0,0.0010449147585229032
1,1,153.0,146.7,0,1,0,0,18,16.2,16.4,0,0,0,0,0,0,0,1,0,0,0,0,0,0,0,0,11.1,0.6,2.02,1,0.9835893166016451
1,1,126.0,118.7,0,1,0,0,18,11.8,12.66666667,0,0,0,1,0,0,0,0,0,0,0,0,0,0,0,0,16.2,0.3,-0.92,1,0.8339508398850082
1,1,130.0,122.7,1,1,1,1,20,0.0,0.0,0,0,0,0,0,0,0,0,0,1,0,0,0,0,0,0,8.9,1.4,3.51,0,0.0022818854844311154
1,1,115.0,129.0,1,0,0,1,23,0.0,0.0,1,0,0,0,0,0,0,0,0,0,0,0,0,0,0,0,9.4,-0.8,-3.12,0,0.09791832276015823
1,1,134.0,129.8,0,1,0,1,20,11.66666667,11.16666667,0,0,0,0,0,0,0,0,1,0,0,0,0,0,0,0,15.5,2.8,-4.06,1,0.9366663482136383
1,1,120.0,115.5,1,1,1,0,18,10.33333333,10.85714286,0,0,0,0,0,0,0,1,0,0,0,0,0,0,0,0,10.8,1.4,1.74,0,0.4499171533124101
2,1,133.1,115.8,0,0,1,0,49,0.0,0.0,0,0,0,0,0,0,0,1,0,0,0,0,0,0,0,0,10.8,1.4,1.74,0,7.172601141710648e-06
1,1,130.0,123.4,1,1,1,0,30,10.0,11.33333333,0,0,0,0,0,0,0,0,0,1,0,0,0,0,0,0,7.6,2.6,0.32,0,0.33675456573625445
1,1,121.0,111.9,1,1,1,0,21,0.0,12.28571429,0,0,0,0,1,0,0,0,0,0,0,0,0,0,0,0,10.8,1.4,1.74,0,0.09972140228948725
1,1,126.0,125.7,1,1,0,1,19,11.0,11.0,0,0,0,0,0,0,0,0,1,0,0,0,0,0,0,0,9.4,-0.8,-3.12,1,0.9300118099906752
1,1,152.0,168.5,1,1,1,0,21,14.6,14.2,0,0,0,1,0,0,0,0,0,0,0,0,0,0,0,0,16.2,0.3,-0.92,1,0.9230510295918941
1,1,130.0,161.5,0,1,1,0,36,15.28571429,16.5,0,0,0,0,0,0,0,0,0,0,0,0,0,1,0,0,10.8,1.4,1.74,1,0.9361842451973411
1,1,132.0,133.8,1,1,0,1,20,13.83333333,13.5,0,0,0,1,0,0,0,0,0,0,0,0,0,0,0,0,16.2,0.3,-0.92,1,0.9679696380920203
1,1,112.0,106.1,0,1,0,0,20,10.0,0.0,0,0,0,0,0,0,0,1,0,0,0,0,0,0,0,0,9.4,-0.8,-3.12,0,0.011800386036050475
1,1,136.0,123.1,1,1,0,0,19,12.16666667,13.5,0,0,0,0,0,0,0,0,0,1,0,0,0,0,0,0,11.1,0.6,2.02,1,0.8346060396628667
2,1,100.0,134.4,0,1,0,0,34,12.07142857,12.27272727,0,0,0,0,0,0,0,0,1,0,0,0,0,0,0,0,7.6,2.6,0.32,1,0.8982048010142208
1,1,120.0,112.7,0,1,0,0,21,11.68,11.68,0,0,0,0,0,0,0,0,0,0,1,0,0,0,0,0,10.8,1.4,1.74,1,0.796159500171896
1,1,161.0,148.4,0,1,0,1,19,13.83333333,14.42857143,0,0,0,0,0,0,0,0,0,0,0,0,0,1,0,0,15.5,2.8,-4.06,1,0.9700490187456542
1,1,122.0,116.1,1,1,0,0,18,13.15384615,11.0,0,0,0,0,1,0,0,0,0,0,0,0,0,0,0,0,15.5,2.8,-4.06,1,0.6715005604944274
2,0,140.0,150.0,0,1,1,0,35,10.8,12.0,0,0,0,0,0,0,0,0,0,0,0,0,0,0,0,1,9.4,-0.8,-3.12,0,0.4974533576383753
1,1,127.0,130.5,1,1,0,1,21,12.8,11.25,0,0,0,0,0,0,0,1,0,0,0,0,0,0,0,0,9.4,-0.8,-3.12,1,0.8791613880817132
2,1,120.0,155.8,0,1,1,0,29,16.11111111,13.5,0,0,1,0,0,0,0,0,0,0,0,0,0,0,0,0,13.9,-0.3,0.79,1,0.9366426268619463
1,1,124.0,119.8,0,1,1,0,19,13.86714286,13.86714286,0,0,0,0,0,0,0,0,0,0,1,0,0,0,0,0,10.8,1.4,1.74,1,0.9214214677091365
1,1,110.0,110.0,0,1,0,0,52,10.46666667,10.92307692,0,0,0,0,0,0,0,1,0,0,0,0,0,0,0,0,13.9,-0.3,0.79,0,0.17667576498669338
1,1,139.0,135.0,1,1,0,1,18,12.21428571,12.21428571,0,0,0,0,0,0,0,0,0,0,1,0,0,0,0,0,12.7,3.7,-1.7,1,0.9476622517070288
1,1,140.0,129.2,1,1,0,0,26,0.0,0.0,0,0,0,0,0,0,0,1,0,0,0,0,0,0,0,0,15.5,2.8,-4.06,0,0.0007382697755076263
1,1,157.0,146.2,1,1,0,1,20,15.25,14.71428571,0,0,0,0,0,0,0,0,0,0,0,0,1,0,0,0,11.1,0.6,2.02,1,0.98129026641314
1,1,120.0,120.0,0,0,1,0,20,0.0,0.0,0,0,0,1,0,0,0,0,0,0,0,0,0,0,0,0,16.2,0.3,-0.92,0,3.552677558925771e-05
1,1,137.0,130.4,1,1,1,0,19,0.0,0.0,1,0,0,0,0,0,0,0,0,0,0,0,0,0,0,0,15.5,2.8,-4.06,0,0.39017107427006564
1,0,133.1,114.7,0,1,0,0,34,10.5,11.0,0,0,0,0,0,0,0,0,0,0,0,0,0,0,0,1,10.8,1.4,1.74,0,0.37656341596459747
1,0,133.1,121.0,0,0,0,0,44,12.0,12.0,0,1,0,0,0,0,0,0,0,0,0,0,0,0,0,0,8.9,1.4,3.51,0,0.09206844254861928
2,1,130.0,140.0,0,1,1,0,34,11.66666667,12.75,0,0,0,0,0,0,0,1,0,0,0,0,0,0,0,0,9.4,-0.8,-3.12,1,0.6295992579885235
1,1,140.0,129.9,1,1,0,0,18,12.92875,14.0625,0,0,0,0,0,0,0,0,0,0,1,0,0,0,0,0,15.5,2.8,-4.06,1,0.9289209930269928
5,1,140.0,160.0,0,1,0,0,27,15.94285714,15.94285714,0,0,0,0,0,0,0,0,0,0,1,0,0,0,0,0,12.7,3.7,-1.7,1,0.9937617826554512
1,1,122.0,119.9,0,1,1,0,18,11.0,10.75,0,0,0,1,0,0,0,0,0,0,0,0,0,0,0,0,9.4,-0.8,-3.12,1,0.5946437528822602
1,1,140.0,97.0,1,1,0,0,28,0.0,0.0,0,0,0,0,0,0,0,0,0,0,0,0,1,0,0,0,7.6,2.6,0.32,0,0.000605372843828654
1,1,120.0,120.0,0,1,1,0,21,13.42857143,13.125,0,0,0,1,0,0,0,0,0,0,0,0,0,0,0,0,16.2,0.3,-0.92,1,0.8315684414743306
1,1,131.0,120.2,1,1,0,0,21,11.75,11.6,0,0,0,0,0,0,0,1,0,0,0,0,0,0,0,0,12.4,0.5,1.79,1,0.656939975360549
1,1,124.0,126.8,0,1,1,1,21,13.83333333,14.0,0,0,0,0,0,0,0,0,0,0,0,0,0,1,0,0,13.9,-0.3,0.79,1,0.9422419158410154
1,1,150.0,137.0,0,1,1,0,35,12.8,13.83333333,0,0,1,0,0,0,0,0,0,0,0,0,0,0,0,0,15.5,2.8,-4.06,1,0.7501405375811607
1,1,121.0,111.9,1,1,1,0,19,14.16666667,14.0,0,0,0,0,0,0,0,0,0,0,0,0,1,0,0,0,13.9,-0.3,0.79,1,0.845002155576436
1,1,135.0,121.0,1,1,1,1,18,12.75,11.5,0,0,0,0,0,0,0,1,0,0,0,0,0,0,0,0,13.9,-0.3,0.79,1,0.8237339168608722
1,1,147.0,131.6,0,1,0,0,18,13.95833333,14.71875,0,0,0,0,0,0,0,0,0,0,1,0,0,0,0,0,11.1,0.6,2.02,1,0.9649753381782186
1,1,163.3,163.3,0,1,0,0,18,13.5,12.0,0,0,0,0,1,0,0,0,0,0,0,0,0,0,0,0,12.4,0.5,1.79,1,0.8375096406082576
1,1,134.0,120.3,1,1,0,1,18,12.08285714,12.08285714,0,0,0,0,0,0,0,0,0,0,1,0,0,0,0,0,10.8,1.4,1.74,1,0.9405514424243444
1,0,170.0,101.0,0,1,0,0,32,12.0,11.5,0,1,0,0,0,0,0,0,0,0,0,0,0,0,0,0,7.6,2.6,0.32,1,0.7593565136000162
1,1,119.0,115.0,1,1,1,1,20,13.0,0.0,0,0,0,0,0,0,0,0,0,0,1,0,0,0,0,0,11.1,0.6,2.02,0,0.06712764133761606
1,1,131.0,131.7,1,0,0,0,18,0.0,0.0,0,0,0,0,0,0,0,0,0,1,0,0,0,0,0,0,12.7,3.7,-1.7,0,4.4151928134925426e-05
1,1,144.0,140.2,1,1,0,0,20,0.0,0.0,0,0,0,0,0,0,0,0,0,0,0,0,0,1,0,0,16.2,0.3,-0.92,0,0.000979448302550252
1,1,147.0,148.4,1,1,1,1,20,10.92307692,12.18181818,1,0,0,0,0,0,0,0,0,0,0,0,0,0,0,0,11.1,0.6,2.02,1,0.9997802250581677
1,1,130.0,130.0,0,1,0,0,27,12.0,13.625,0,0,0,0,0,0,0,1,0,0,0,0,0,0,0,0,10.8,1.4,1.74,1,0.8158652247776907
1,1,135.0,128.0,1,1,0,1,19,14.0,13.125,0,0,0,1,0,0,0,0,0,0,0,0,0,0,0,0,10.8,1.4,1.74,1,0.9699535864603778
1,1,110.0,109.0,0,1,1,1,19,13.14285714,14.16666667,0,0,0,0,0,0,0,0,0,0,0,0,1,0,0,0,15.5,2.8,-4.06,1,0.9373983827313986
1,1,150.0,142.7,0,1,0,0,18,11.0,11.33333333,0,0,0,0,0,0,0,0,0,1,0,0,0,0,0,0,7.6,2.6,0.32,1,0.6959426721391891
1,1,140.0,130.2,1,1,0,1,18,12.75,12.16666667,0,0,0,0,0,0,0,0,1,0,0,0,0,0,0,0,12.7,3.7,-1.7,1,0.9692426606508218
1,0,120.0,141.0,0,1,1,1,32,13.8,12.8,0,0,0,0,0,0,0,0,0,0,0,0,0,0,0,1,10.8,1.4,1.74,1,0.886420354749976
1,1,120.0,110.0,0,0,1,0,32,0.0,0.0,0,0,0,0,0,0,0,1,0,0,0,0,0,0,0,0,9.4,-0.8,-3.12,0,1.3905793371497984e-05
2,1,131.0,118.4,0,1,0,0,20,14.125,12.6,0,0,1,0,0,0,0,0,0,0,0,0,0,0,0,0,13.9,-0.3,0.79,1,0.9166350601049426
1,1,148.0,163.4,1,1,0,0,20,11.5,12.0,0,0,0,1,0,0,0,0,0,0,0,0,0,0,0,0,16.2,0.3,-0.92,1,0.79492130439768
1,1,121.0,117.9,1,1,0,0,19,12.83333333,11.66666667,0,0,0,0,0,0,0,0,0,0,0,0,0,1,0,0,11.1,0.6,2.02,1,0.7334843194731565
1,1,130.0,130.0,1,1,1,0,29,17.11111111,15.57142857,0,0,1,0,0,0,0,0,0,0,0,0,0,0,0,0,13.9,-0.3,0.79,1,0.9579807879707495
1,1,129.0,118.5,1,1,0,0,18,10.66666667,11.5,0,0,0,0,0,0,0,0,0,1,0,0,0,0,0,0,7.6,2.6,0.32,1,0.6485844334261444
1,1,141.0,142.8,0,1,0,0,18,13.7,13.99444444,0,0,0,0,0,0,0,0,0,0,1,0,0,0,0,0,11.1,0.6,2.02,1,0.956740194023632
2,0,133.1,133.2,0,0,1,0,43,11.5,10.8,0,0,0,0,0,0,0,0,0,0,0,0,0,0,0,1,13.9,-0.3,0.79,0,0.012363797496490239
1,1,143.0,128.0,1,1,0,0,19,0.0,0.0,0,0,0,0,0,0,0,0,1,0,0,0,0,0,0,0,9.4,-0.8,-3.12,0,0.003463384815890088
2,0,133.1,151.5,0,0,1,0,45,0.0,0.0,0,1,0,0,0,0,0,0,0,0,0,0,0,0,0,0,16.2,0.3,-0.92,0,3.4775497435592186e-05
1,1,145.0,127.3,1,1,1,0,18,11.69,11.69,0,0,0,0,0,0,0,0,0,0,1,0,0,0,0,0,10.8,1.4,1.74,1,0.7234242607036997
1,0,160.0,120.0,0,1,0,0,30,14.14285714,14.8,0,0,0,0,0,0,0,0,0,0,0,0,0,0,0,1,7.6,2.6,0.32,1,0.8927875946807137
1,1,129.0,127.6,1,1,1,0,19,11.6,11.0,0,0,0,0,0,0,0,1,0,0,0,0,0,0,0,0,10.8,1.4,1.74,1,0.5383307418506728
1,1,124.0,119.1,1,1,1,0,18,0.0,0.0,1,0,0,0,0,0,0,0,0,0,0,0,0,0,0,0,16.2,0.3,-0.92,0,0.38948867863013326
1,1,119.0,112.0,1,0,1,0,20,0.0,0.0,0,0,0,0,0,0,0,1,0,0,0,0,0,0,0,0,9.4,-0.8,-3.12,0,2.4654874840846028e-05
1,1,130.0,121.6,0,1,0,0,19,14.71428571,15.83333333,0,0,0,0,0,0,0,0,0,0,0,0,1,0,0,0,12.4,0.5,1.79,1,0.9628153215629519
1,0,133.1,118.1,1,1,0,0,39,0.0,12.5,0,0,0,0,0,0,0,0,0,0,0,0,0,0,0,1,7.6,2.6,0.32,0,0.07666103961152418
1,0,130.0,130.0,0,1,0,0,26,12.66666667,13.4,0,0,0,0,0,0,0,0,0,0,0,0,0,0,0,1,11.1,0.6,2.02,1,0.8275774078026795
1,1,102.0,102.0,0,1,0,0,19,11.8,11.6,0,0,0,0,0,0,0,0,0,1,0,0,0,0,0,0,10.8,1.4,1.74,1,0.7019816386342643
1,1,133.1,128.2,1,1,0,0,20,11.23076923,12.77777778,1,0,0,0,0,0,0,0,0,0,0,0,0,0,0,0,11.1,0.6,2.02,1,0.9996659852001257
1,1,130.0,119.9,1,1,1,0,20,0.0,0.0,0,0,0,0,0,1,0,0,0,0,0,0,0,0,0,0,9.4,-0.8,-3.12,0,5.163793057769846e-05
4,1,100.0,120.0,0,1,0,1,39,10.6,10.75,0,0,0,0,0,0,0,0,0,0,0,0,1,0,0,0,9.4,-0.8,-3.12,1,0.7612826933749456
1,1,140.0,126.0,1,1,0,0,19,0.0,0.0,0,0,0,0,0,0,0,0,0,1,0,0,0,0,0,0,10.8,1.4,1.74,0,0.0011656891786713099
1,1,130.0,130.0,0,1,1,0,37,11.73333333,11.88888889,0,0,0,0,0,0,0,0,1,0,0,0,0,0,0,0,15.5,2.8,-4.06,1,0.6379890443274483
1,0,145.0,127.5,1,1,1,0,22,12.42857143,11.8,0,0,0,0,0,0,0,0,0,0,0,0,0,0,0,1,7.6,2.6,0.32,1,0.6239474114725528
1,0,133.1,102.5,0,1,0,1,27,10.0,0.0,0,1,0,0,0,0,0,0,0,0,0,0,0,0,0,0,8.9,1.4,3.51,0,0.07241874829863311
1,1,133.1,120.5,0,0,1,0,32,11.0,0.0,0,0,0,0,0,0,0,0,1,0,0,0,0,0,0,0,7.6,2.6,0.32,0,0.0005521012029064393
1,1,150.0,130.8,1,1,0,0,18,13.61428571,13.61428571,0,0,0,0,0,0,0,0,0,0,1,0,0,0,0,0,12.7,3.7,-1.7,1,0.9312619652731279
1,1,111.0,105.4,0,1,0,0,20,13.33333333,13.2,0,0,0,0,0,0,0,0,0,0,0,0,1,0,0,0,7.6,2.6,0.32,1,0.8704599632981075
1,0,143.0,131.5,0,1,1,0,19,11.0,12.25,0,0,0,0,0,0,0,0,0,0,0,0,0,0,0,1,15.5,2.8,-4.06,1,0.5999176527722545
2,1,140.0,140.0,1,1,1,0,38,14.5,14.5,0,0,0,1,0,0,0,0,0,0,0,0,0,0,0,0,16.2,0.3,-0.92,1,0.8481016871153073
1,1,133.1,150.0,0,1,1,0,21,14.75,14.33333333,0,0,0,0,0,0,0,0,0,0,0,0,1,0,0,0,11.1,0.6,2.02,1,0.9137774195454809
1,1,141.0,126.8,1,1,0,0,18,12.94428571,12.94428571,0,0,0,0,0,0,0,0,0,0,1,0,0,0,0,0,10.8,1.4,1.74,1,0.9046059091490912
1,1,182.0,156.8,1,1,0,0,18,12.66666667,13.25,0,0,0,1,0,0,0,0,0,0,0,0,0,0,0,0,10.8,1.4,1.74,1,0.8995600188146855
1,1,140.0,136.5,1,1,0,1,18,14.83857143,14.8,0,0,0,0,0,0,0,0,0,0,1,0,0,0,0,0,12.4,0.5,1.79,1,0.9898395333458593
1,1,128.0,123.3,1,1,0,1,20,14.83333333,12.14285714,0,0,0,0,1,0,0,0,0,0,0,0,0,0,0,0,8.9,1.4,3.51,1,0.9446915298902027
1,1,136.0,123.4,1,1,0,1,19,13.16666667,12.8,0,0,0,0,1,0,0,0,0,0,0,0,0,0,0,0,9.4,-0.8,-3.12,1,0.9337094002737829
1,1,130.0,122.3,1,1,0,0,18,14.33333333,13.0,0,0,0,0,1,0,0,0,0,0,0,0,0,0,0,0,9.4,-0.8,-3.12,1,0.879020751160057
1,1,149.0,137.1,1,1,0,1,18,13.25,12.0,0,0,0,0,1,0,0,0,0,0,0,0,0,0,0,0,10.8,1.4,1.74,1,0.9215521165042377
1,1,127.0,120.7,1,1,1,0,18,0.0,0.0,1,0,0,0,0,0,0,0,0,0,0,0,0,0,0,0,7.6,2.6,0.32,0,0.46341135362990105
1,1,140.0,140.0,1,1,0,1,20,15.625,15.85714286,0,0,0,0,0,0,1,0,0,0,0,0,0,0,0,0,13.9,-0.3,0.79,1,0.9586611884034033
1,1,158.0,138.1,1,1,0,0,19,12.5,14.0,0,0,0,0,0,0,0,0,0,1,0,0,0,0,0,0,7.6,2.6,0.32,1,0.8845086482269422
1,1,118.0,111.0,1,1,0,0,21,12.5,12.66666667,0,0,0,1,0,0,0,0,0,0,0,0,0,0,0,0,7.6,2.6,0.32,1,0.8565106289355782
1,1,120.0,120.0,1,1,0,0,21,13.61538462,14.25,0,0,0,1,0,0,0,0,0,0,0,0,0,0,0,0,13.9,-0.3,0.79,1,0.9274438187232041
1,1,133.0,130.8,1,1,0,0,19,13.4275,13.4275,0,0,0,0,0,0,0,0,0,0,1,0,0,0,0,0,9.4,-0.8,-3.12,1,0.9286321993125076
1,1,150.0,132.5,1,0,0,0,20,13.0,13.5,0,0,0,0,0,0,0,0,1,0,0,0,0,0,0,0,13.9,-0.3,0.79,0,0.35268163726842083
1,1,120.0,111.3,0,1,0,0,20,0.0,0.0,0,0,0,0,1,0,0,0,0,0,0,0,0,0,0,0,11.1,0.6,2.02,0,0.001187270912589976
1,1,137.0,131.4,1,1,1,0,22,10.0,10.0,0,0,0,0,0,0,0,1,0,0,0,0,0,0,0,0,7.6,2.6,0.32,0,0.3324315026657166
1,1,151.0,146.5,0,1,0,1,18,13.33333333,14.16666667,0,0,0,0,0,0,0,0,0,0,0,0,0,1,0,0,12.7,3.7,-1.7,1,0.9697486853349313
1,1,135.0,127.0,1,1,0,0,18,14.42428571,13.9375,0,0,0,0,0,0,0,0,0,0,1,0,0,0,0,0,11.1,0.6,2.02,1,0.953439122418866
1,1,143.0,133.9,0,1,0,1,18,15.0,15.2,0,0,0,0,0,0,0,1,0,0,0,0,0,0,0,0,12.7,3.7,-1.7,1,0.9866238934499244
1,0,130.0,111.9,0,1,0,0,36,0.0,0.0,0,0,0,0,0,0,0,0,0,0,0,0,0,0,0,1,12.7,3.7,-1.7,0,0.00047458462545685846
1,1,124.0,126.1,1,1,1,0,20,13.0,14.83333333,0,0,0,0,0,1,0,0,0,0,0,0,0,0,0,0,7.6,2.6,0.32,0,0.37471510389824036
1,1,125.0,115.9,0,1,0,0,19,11.75,11.0,0,0,0,0,0,0,0,0,0,0,0,0,0,1,0,0,10.8,1.4,1.74,1,0.6375447676586673
1,1,148.0,143.5,0,1,0,0,18,13.0,12.83333333,0,0,0,0,0,0,0,0,1,0,0,0,0,0,0,0,10.8,1.4,1.74,1,0.9497757230223511
1,1,134.0,132.8,1,1,0,1,19,13.51285714,13.51285714,0,0,0,0,0,0,0,0,0,0,1,0,0,0,0,0,10.8,1.4,1.74,1,0.9769565582124801
2,1,133.1,136.0,0,1,1,0,41,12.68421053,12.38461538,0,0,1,0,0,0,0,0,0,0,0,0,0,0,0,0,15.5,2.8,-4.06,1,0.6190120255966312
1,1,136.0,121.7,1,1,0,1,21,12.33333333,11.8,0,0,0,0,0,0,0,0,1,0,0,0,0,0,0,0,13.9,-0.3,0.79,1,0.9487564985317625
2,0,133.1,112.5,0,1,0,0,32,13.8,12.16666667,0,1,0,0,0,0,0,0,0,0,0,0,0,0,0,0,9.4,-0.8,-3.12,1,0.9076656334430339
1,1,133.0,126.0,0,1,1,0,18,13.66666667,13.2,0,0,0,0,0,0,1,0,0,0,0,0,0,0,0,0,7.6,2.6,0.32,1,0.5950125531109993
1,1,136.0,126.6,1,1,0,0,18,16.5,17.42857143,0,0,0,0,0,0,0,0,1,0,0,0,0,0,0,0,11.1,0.6,2.02,1,0.9956899923252723
1,1,133.1,102.0,1,1,0,1,20,13.66666667,14.57142857,0,0,0,0,0,0,0,0,1,0,0,0,0,0,0,0,11.1,0.6,2.02,1,0.9875102120304358
1,1,126.0,122.5,1,1,1,0,19,12.0,12.0,0,0,0,0,0,1,0,0,0,0,0,0,0,0,0,0,12.4,0.5,1.79,0,0.11147659774635718
1,1,125.0,125.0,1,1,0,0,21,0.0,13.75,0,0,0,0,0,0,1,0,0,0,0,0,0,0,0,0,10.8,1.4,1.74,0,0.08778520199506955
1,1,142.0,141.3,0,1,0,1,19,14.71428571,15.16666667,0,0,0,0,0,0,0,0,0,0,0,0,0,1,0,0,13.9,-0.3,0.79,1,0.9834049771886746
1,1,127.0,126.3,1,1,1,0,21,0.0,0.0,1,0,0,0,0,0,0,0,0,0,0,0,0,0,0,0,16.2,0.3,-0.92,0,0.36336820663891234
1,1,147.0,124.5,1,1,0,1,19,12.86,12.86,0,0,0,0,0,0,0,0,0,0,1,0,0,0,0,0,10.8,1.4,1.74,1,0.9597700715662824
1,1,133.8,184.0,0,1,0,0,28,17.00555556,16.58222222,0,0,0,0,0,0,0,0,0,0,1,0,0,0,0,0,15.5,2.8,-4.06,1,0.9905835782847578
1,1,141.0,130.9,1,1,0,0,18,13.5,12.6,0,0,0,0,0,0,0,0,0,0,0,0,0,0,1,0,7.6,2.6,0.32,1,0.6052473784474098
4,1,133.1,101.5,1,1,0,0,24,0.0,0.0,0,0,0,0,0,0,0,0,0,0,0,1,0,0,0,0,10.8,1.4,1.74,0,0.0016977765053506682
2,1,150.0,135.6,0,1,0,1,43,11.0,13.0,0,0,0,0,0,0,0,0,0,0,0,0,1,0,0,0,12.4,0.5,1.79,1,0.7840895002820863
1,1,127.0,116.9,1,1,0,0,18,12.2,12.25,0,0,0,0,0,0,0,0,0,1,0,0,0,0,0,0,12.4,0.5,1.79,1,0.7516976543574146
1,1,150.0,130.8,0,1,1,1,22,14.84285714,15.05555556,0,0,0,0,0,0,0,0,0,0,1,0,0,0,0,0,16.2,0.3,-0.92,1,0.979252936907082
1,1,122.0,125.9,1,1,1,1,20,15.5,12.16666667,0,0,0,1,0,0,0,0,0,0,0,0,0,0,0,0,12.4,0.5,1.79,1,0.9474834569088301
1,1,138.0,130.0,1,1,0,0,18,14.85,15.2,0,0,0,0,0,0,0,0,0,0,1,0,0,0,0,0,13.9,-0.3,0.79,1,0.9719703466794051
1,1,160.0,154.4,0,1,0,1,18,15.11666667,16.16888889,0,0,0,0,0,0,0,0,0,0,1,0,0,0,0,0,15.5,2.8,-4.06,1,0.9947860319695977
1,1,137.0,136.3,0,1,0,0,18,11.25,11.0,0,0,0,0,0,0,0,1,0,0,0,0,0,0,0,0,8.9,1.4,3.51,1,0.6904332252854563
1,0,133.1,97.0,0,1,0,1,35,10.83333333,11.5,0,1,0,0,0,0,0,0,0,0,0,0,0,0,0,0,10.8,1.4,1.74,1,0.8682867697922365
1,1,163.0,143.1,0,1,1,0,18,0.0,0.0,1,0,0,0,0,0,0,0,0,0,0,0,0,0,0,0,9.4,-0.8,-3.12,0,0.45805371172935405
1,1,120.0,118.3,0,0,1,1,18,12.16666667,12.0,0,0,0,0,0,0,0,0,0,0,0,0,0,1,0,0,13.9,-0.3,0.79,0,0.15568434166864661
1,1,146.0,140.0,1,1,0,0,18,14.82857143,14.82857143,0,0,0,0,0,0,0,0,0,0,1,0,0,0,0,0,12.7,3.7,-1.7,1,0.9706595965828643
1,1,121.0,122.4,0,1,0,0,18,12.85714286,13.33333333,0,0,0,0,0,0,0,0,0,0,0,0,0,1,0,0,13.9,-0.3,0.79,1,0.8587040465867365
2,0,133.1,138.3,0,1,1,0,44,11.33333333,11.14285714,0,0,0,0,0,0,0,0,0,0,0,0,0,0,0,1,13.9,-0.3,0.79,0,0.28787174644251606
1,1,131.0,139.8,1,1,0,0,19,13.4,12.8,0,0,0,0,1,0,0,0,0,0,0,0,0,0,0,0,10.8,1.4,1.74,1,0.8606140230034953
1,1,150.0,142.7,1,1,0,1,18,14.66666667,15.16666667,0,0,0,0,0,0,0,0,1,0,0,0,0,0,0,0,9.4,-0.8,-3.12,1,0.9946934337774079
1,1,125.0,117.3,1,1,1,1,21,0.0,0.0,1,0,0,0,0,0,0,0,0,0,0,0,0,0,0,0,10.8,1.4,1.74,1,0.6584913645061421
1,1,131.0,121.9,1,1,0,0,20,13.5,0.0,0,0,0,0,0,0,0,0,0,0,0,0,0,0,1,0,12.7,3.7,-1.7,0,0.005840909650398543
2,1,140.0,105.7,1,1,0,0,27,13.81375,13.81375,0,0,0,0,0,0,0,0,0,0,1,0,0,0,0,0,9.4,-0.8,-3.12,1,0.9134054465819001
1,1,128.0,118.2,0,1,0,0,19,11.66666667,11.5,0,0,0,0,0,0,0,0,0,0,0,0,0,1,0,0,12.7,3.7,-1.7,1,0.6679380193729061
1,1,123.0,127.2,0,0,1,0,20,11.33333333,11.5,0,0,0,0,1,0,0,0,0,0,0,0,0,0,0,0,7.6,2.6,0.32,0,0.04969197977390098
1,1,147.0,135.8,1,1,0,0,20,13.66666667,13.33333333,0,0,0,1,0,0,0,0,0,0,0,0,0,0,0,0,9.4,-0.8,-3.12,1,0.9108060421151513
1,1,145.0,145.0,0,1,0,1,19,12.83333333,13.16666667,0,0,0,0,0,0,0,0,1,0,0,0,0,0,0,0,12.4,0.5,1.79,1,0.9828195085340179
2,1,130.0,122.3,0,1,0,0,19,14.35,14.35,0,0,0,0,0,0,0,0,0,0,1,0,0,0,0,0,7.6,2.6,0.32,1,0.9728412802834573
1,1,116.0,116.4,1,1,0,0,18,13.16666667,13.16666667,0,0,0,0,0,0,0,0,1,0,0,0,0,0,0,0,8.9,1.4,3.51,1,0.9533649255925952
1,1,142.0,137.3,1,1,0,1,22,13.9,13.9,0,0,0,0,0,0,0,0,0,0,1,0,0,0,0,0,7.6,2.6,0.32,1,0.980769476671987
1,1,130.0,130.0,0,1,0,0,36,0.0,0.0,0,0,0,0,0,0,0,0,0,0,1,0,0,0,0,0,16.2,0.3,-0.92,0,0.0008507603580991532
1,1,130.0,143.8,0,1,1,0,27,15.57,15.57,0,0,0,0,0,0,0,0,0,0,1,0,0,0,0,0,10.8,1.4,1.74,1,0.96507255717075
1,1,113.0,110.2,1,1,0,0,19,11.6,12.5,0,0,0,0,0,0,0,0,0,0,0,0,0,1,0,0,8.9,1.4,3.51,1,0.7587706482153588
1,1,141.0,132.5,1,1,0,1,18,13.39125,13.39125,0,0,0,0,0,0,0,0,0,0,1,0,0,0,0,0,9.4,-0.8,-3.12,1,0.9747668586710707
1,1,121.0,117.5,1,1,0,0,18,10.57142857,11.66666667,0,0,0,0,0,0,0,0,0,1,0,0,0,0,0,0,16.2,0.3,-0.92,1,0.5969802500862229
1,1,170.0,170.0,1,1,1,0,21,15.28571429,15.16666667,0,0,1,0,0,0,0,0,0,0,0,0,0,0,0,0,12.4,0.5,1.79,1,0.9604741963841429
1,1,114.0,111.9,0,0,1,0,18,0.0,0.0,1,0,0,0,0,0,0,0,0,0,0,0,0,0,0,0,9.4,-0.8,-3.12,0,0.027794319991855426
1,1,120.0,119.8,0,1,1,0,21,12.0,12.14285714,0,0,0,1,0,0,0,0,0,0,0,0,0,0,0,0,12.4,0.5,1.79,1,0.7320267813480287
2,1,133.1,118.0,0,0,1,0,33,0.0,0.0,0,0,0,0,0,1,0,0,0,0,0,0,0,0,0,0,9.4,-0.8,-3.12,0,1.2033773572009125e-06
2,1,140.0,120.4,0,0,0,0,39,0.0,0.0,0,0,0,0,0,0,0,0,1,0,0,0,0,0,0,0,9.4,-0.8,-3.12,0,5.441870478855684e-05
1,0,140.0,140.0,0,1,1,0,27,13.5,13.75,0,0,0,0,0,0,0,0,0,0,0,0,0,0,0,1,7.6,2.6,0.32,1,0.8238275462741624
1,1,143.0,130.6,1,1,0,0,20,12.84714286,13.78888889,0,0,0,0,0,0,0,0,0,0,1,0,0,0,0,0,16.2,0.3,-0.92,1,0.9083199573196525
1,1,100.0,122.0,0,1,0,0,24,12.41285714,12.41285714,0,0,0,0,0,0,0,0,0,0,1,0,0,0,0,0,10.8,1.4,1.74,1,0.8672471014686958
1,1,116.0,119.9,1,1,0,0,20,12.33333333,12.33333333,0,0,0,0,0,0,0,0,0,1,0,0,0,0,0,0,12.4,0.5,1.79,1,0.760773114810528
1,1,133.1,115.0,0,1,0,0,18,10.5,0.0,0,0,0,0,0,0,0,0,0,0,0,0,0,0,1,0,7.6,2.6,0.32,0,0.0039851315725019714
1,1,133.1,100.0,0,1,0,0,30,0.0,0.0,0,0,1,0,0,0,0,0,0,0,0,0,0,0,0,0,11.1,0.6,2.02,0,0.0009716922377503257
1,1,135.0,123.5,1,1,0,1,19,12.28571429,11.7375,0,0,0,0,0,0,0,0,0,0,1,0,0,0,0,0,12.4,0.5,1.79,1,0.9291205216285933
1,1,140.0,137.5,0,1,0,1,23,13.14285714,14.0,0,0,0,0,0,0,0,0,1,0,0,0,0,0,0,0,12.4,0.5,1.79,1,0.9853164165505127
1,1,139.0,126.0,1,1,1,0,18,12.288,12.288,0,0,0,0,0,0,0,0,0,0,1,0,0,0,0,0,10.8,1.4,1.74,1,0.7972441900164896
1,1,150.0,150.0,1,1,1,0,27,14.0,0.0,0,0,0,0,0,1,0,0,0,0,0,0,0,0,0,0,8.9,1.4,3.51,0,0.0010944267523409136
1,1,139.0,130.5,1,1,0,0,19,14.99285714,14.99285714,0,0,0,0,0,0,0,0,0,0,1,0,0,0,0,0,10.8,1.4,1.74,1,0.9723878433983187
1,1,135.0,122.8,0,1,0,0,18,14.0,14.0,0,0,0,0,0,0,0,0,1,0,0,0,0,0,0,0,10.8,1.4,1.74,1,0.97158859932655
1,1,130.0,154.9,0,0,1,0,35,16.16666667,16.0,0,0,1,0,0,0,0,0,0,0,0,0,0,0,0,0,8.9,1.4,3.51,0,0.4825688386632213
1,1,129.0,122.0,1,1,1,0,19,11.6,10.75,0,0,0,0,0,0,0,1,0,0,0,0,0,0,0,0,9.4,-0.8,-3.12,0,0.4926524393887519
1,1,152.0,139.0,1,1,0,0,18,14.33333333,14.33333333,0,0,0,0,0,0,0,0,0,0,1,0,0,0,0,0,7.6,2.6,0.32,1,0.9643473481488525
1,1,168.0,149.5,0,1,0,0,18,17.0,16.0,0,0,0,0,0,0,0,0,1,0,0,0,0,0,0,0,12.4,0.5,1.79,1,0.9936196403120323
1,1,131.0,123.3,1,1,1,1,19,12.6,12.5,0,0,0,0,0,1,0,0,0,0,0,0,0,0,0,0,8.9,1.4,3.51,0,0.37036143779611336
1,0,133.1,105.3,0,1,0,0,28,10.5,0.0,0,0,0,0,0,0,0,0,0,0,0,0,0,0,0,1,12.4,0.5,1.79,0,0.0071965478296972035
2,1,110.0,140.0,0,1,1,0,43,0.0,13.15,0,0,0,0,0,0,0,0,0,0,0,1,0,0,0,0,16.2,0.3,-0.92,0,0.07735846122986141
1,1,116.0,113.6,1,1,0,1,22,14.0,12.4,0,0,0,0,0,0,0,1,0,0,0,0,0,0,0,0,11.1,0.6,2.02,1,0.9304868753155912
1,1,102.0,101.7,1,1,0,1,20,11.8,11.6,0,0,0,0,0,0,0,1,0,0,0,0,0,0,0,0,8.9,1.4,3.51,1,0.873219730162877
1,1,121.0,116.8,1,1,0,0,23,11.5,12.17647059,1,0,0,0,0,0,0,0,0,0,0,0,0,0,0,0,12.4,0.5,1.79,1,0.999484385534283
1,1,141.0,125.0,0,1,1,0,22,0.0,0.0,0,0,0,0,0,0,0,0,1,0,0,0,0,0,0,0,11.1,0.6,2.02,0,0.002039894658815057
1,1,120.0,120.0,1,1,1,0,23,12.2,12.14285714,0,0,0,1,0,0,0,0,0,0,0,0,0,0,0,0,16.2,0.3,-0.92,1,0.6679266508780216
1,1,130.0,133.0,1,1,0,1,26,13.7,13.7,0,0,0,0,0,0,0,0,0,0,1,0,0,0,0,0,7.6,2.6,0.32,1,0.9738004773275857
1,1,145.0,160.1,0,1,0,1,19,14.5,13.58333333,1,0,0,0,0,0,0,0,0,0,0,0,0,0,0,0,8.9,1.4,3.51,1,0.999976249959025
1,0,110.0,134.3,0,1,1,0,24,0.0,12.0,0,0,0,0,0,0,0,0,0,0,0,0,0,0,0,1,10.8,1.4,1.74,0,0.11312730303714331
1,1,132.0,119.1,0,1,0,0,18,0.0,0.0,0,0,0,0,0,1,0,0,0,0,0,0,0,0,0,0,9.4,-0.8,-3.12,0,9.912752666274979e-05
5,0,120.0,138.1,0,1,1,1,37,13.0,13.33333333,0,0,0,0,0,0,0,0,0,0,0,0,0,0,0,1,16.2,0.3,-0.92,1,0.9314821552341617
1,1,131.0,126.1,1,1,0,0,18,12.14285714,11.16666667,0,0,0,0,0,0,0,0,0,1,0,0,0,0,0,0,8.9,1.4,3.51,1,0.6985398838654509
1,1,122.0,127.3,1,1,1,0,20,0.0,0.0,1,0,0,0,0,0,0,0,0,0,0,0,0,0,0,0,10.8,1.4,1.74,0,0.43425318632095167
1,1,154.0,149.5,1,1,0,1,30,14.9125,13.5,0,0,0,0,0,0,0,0,0,0,1,0,0,0,0,0,13.9,-0.3,0.79,1,0.9670862208037926
1,1,121.0,116.5,1,1,0,0,23,11.33333333,11.25,0,0,0,0,0,0,0,0,0,0,0,0,1,0,0,0,7.6,2.6,0.32,1,0.6038306067245696
1,1,151.0,161.9,0,1,0,0,18,13.75,14.85714286,0,0,0,0,1,0,0,0,0,0,0,0,0,0,0,0,7.6,2.6,0.32,1,0.957320252593696
1,1,125.0,140.8,1,1,1,0,22,14.66666667,15.0,0,0,0,1,0,0,0,0,0,0,0,0,0,0,0,0,9.4,-0.8,-3.12,1,0.9454096148402844
1,1,117.0,114.6,0,1,0,1,18,12.14285714,13.33333333,0,0,0,0,0,0,0,0,1,0,0,0,0,0,0,0,13.9,-0.3,0.79,1,0.9786111325767948
2,1,137.0,121.0,0,1,0,1,19,14.72571429,14.72571429,0,0,0,0,0,0,0,0,0,0,1,0,0,0,0,0,10.8,1.4,1.74,1,0.9914536045911309
1,1,150.0,150.0,0,1,0,1,23,14.38461538,13.3,0,0,1,0,0,0,0,0,0,0,0,0,0,0,0,0,8.9,1.4,3.51,1,0.9783223760798438
1,1,140.0,143.0,0,1,0,0,20,13.5,12.5,0,0,0,0,0,0,0,0,1,0,0,0,0,0,0,0,13.9,-0.3,0.79,1,0.9383143923481757
1,1,121.0,135.4,1,1,0,1,19,13.33333333,13.4,0,0,0,0,0,0,0,0,0,0,0,0,1,0,0,0,8.9,1.4,3.51,1,0.9619004239377897
1,1,108.0,107.8,1,1,0,1,20,12.35714286,13.0,0,0,0,0,0,0,0,0,0,0,1,0,0,0,0,0,13.9,-0.3,0.79,1,0.9528393875373444
1,1,145.0,136.6,0,1,0,1,19,13.76666667,14.05142857,0,0,0,0,0,0,0,0,0,0,1,0,0,0,0,0,15.5,2.8,-4.06,1,0.9806362264766034
1,1,122.0,126.9,0,1,0,0,21,11.71428571,12.0,0,0,0,0,0,0,0,0,0,0,0,0,0,1,0,0,7.6,2.6,0.32,1,0.7483805389624509
1,1,107.0,103.5,1,1,0,0,20,12.0,13.0,0,0,0,0,0,0,0,0,1,0,0,0,0,0,0,0,12.4,0.5,1.79,1,0.9146309009039086
1,1,150.0,150.0,1,1,1,0,20,13.125,13.2,0,0,1,0,0,0,0,0,0,0,0,0,0,0,0,0,16.2,0.3,-0.92,1,0.8477154249372812
1,1,133.1,120.0,1,1,1,0,29,18.0,13.33333333,0,0,0,0,0,0,1,0,0,0,0,0,0,0,0,0,10.8,1.4,1.74,1,0.6373642943913661
1,1,115.0,108.7,1,1,0,1,18,11.4,11.33333333,0,0,0,0,0,0,0,0,0,1,0,0,0,0,0,0,12.4,0.5,1.79,1,0.8352443847308963
1,1,128.0,100.0,1,1,0,0,20,13.1,14.8125,0,0,0,0,0,0,0,0,0,0,1,0,0,0,0,0,13.9,-0.3,0.79,1,0.9342061772712934
1,1,121.0,111.9,1,1,0,0,21,0.0,0.0,0,0,0,0,1,0,0,0,0,0,0,0,0,0,0,0,12.7,3.7,-1.7,0,0.0009726937733669551
1,1,141.0,141.4,1,1,0,1,18,0.0,0.0,1,0,0,0,0,0,0,0,0,0,0,0,0,0,0,0,13.9,-0.3,0.79,1,0.7844614930279512
1,1,138.0,133.5,1,1,0,0,18,12.66666667,13.66666667,0,0,0,0,0,0,0,0,0,0,0,0,0,1,0,0,12.7,3.7,-1.7,1,0.8665163578432615
1,1,133.0,127.4,0,1,0,1,18,12.71428571,12.28571429,0,0,0,0,0,0,0,0,0,0,0,0,0,0,1,0,16.2,0.3,-0.92,1,0.7341653574111686
1,1,130.0,120.0,0,0,0,0,30,11.75,12.16666667,0,0,0,0,0,1,0,0,0,0,0,0,0,0,0,0,7.6,2.6,0.32,0,0.004703089361676796
1,1,120.0,118.0,0,1,0,0,28,12.85714286,12.6,0,0,0,0,0,0,0,0,0,1,0,0,0,0,0,0,8.9,1.4,3.51,1,0.7591892531727428
2,0,140.0,120.0,0,0,0,0,38,10.6,11.0,0,0,0,0,0,0,0,0,0,0,0,0,0,0,0,1,12.7,3.7,-1.7,0,0.02044628893345761
1,0,120.0,115.0,1,1,1,0,27,10.0,0.0,0,0,0,0,0,0,0,0,0,0,0,0,0,0,0,1,12.7,3.7,-1.7,0,0.004582302810868552
1,1,119.0,115.2,0,1,1,1,21,11.5,11.0,0,0,0,1,0,0,0,0,0,0,0,0,0,0,0,0,15.5,2.8,-4.06,1,0.7934228255090833
1,1,138.6,138.6,1,1,1,0,20,11.5,11.66666667,0,0,0,0,0,0,0,0,0,1,0,0,0,0,0,0,7.6,2.6,0.32,1,0.6073662327002207
1,1,100.0,130.0,1,1,0,0,25,13.29166667,13.29166667,0,0,0,0,0,0,0,0,0,0,1,0,0,0,0,0,7.6,2.6,0.32,1,0.9216344708668548
1,1,140.0,140.0,0,1,1,0,20,11.5,13.66666667,0,0,1,0,0,0,0,0,0,0,0,0,0,0,0,0,12.4,0.5,1.79,1,0.8522818687044112
1,1,130.0,128.6,1,1,0,0,18,14.72857143,16.32727273,0,0,0,0,0,0,0,0,0,0,1,0,0,0,0,0,16.2,0.3,-0.92,1,0.9810043634274059
1,1,125.0,116.3,1,1,1,0,19,13.25,11.0,0,0,0,0,0,0,0,1,0,0,0,0,0,0,0,0,13.9,-0.3,0.79,1,0.5787010767903652
1,1,120.0,120.0,0,0,0,0,28,0.0,0.0,0,0,0,0,0,0,0,0,0,0,1,0,0,0,0,0,13.9,-0.3,0.79,0,4.684179564587985e-05
1,1,150.0,134.6,0,1,1,0,20,13.6,13.0,0,0,0,0,0,0,0,1,0,0,0,0,0,0,0,0,9.4,-0.8,-3.12,1,0.8034915290950772
1,1,138.0,141.0,0,1,1,0,19,13.7,13.7,0,0,0,0,0,0,0,0,0,0,1,0,0,0,0,0,7.6,2.6,0.32,1,0.9292943577688806
1,1,160.0,160.0,1,1,0,0,20,13.78571429,13.88888889,0,0,0,0,1,0,0,0,0,0,0,0,0,0,0,0,8.9,1.4,3.51,1,0.9172970389810309
1,1,133.1,136.0,0,1,1,0,31,12.0,11.0,0,0,0,0,0,1,0,0,0,0,0,0,0,0,0,0,16.2,0.3,-0.92,0,0.04319186898356183
1,1,127.0,121.1,1,1,1,0,19,13.66666667,12.5,0,0,0,0,0,0,0,0,0,0,0,0,0,0,1,0,12.4,0.5,1.79,0,0.4339007746975944
1,1,135.0,123.0,1,1,0,1,18,13.38142857,13.38142857,0,0,0,0,0,0,0,0,0,0,1,0,0,0,0,0,10.8,1.4,1.74,1,0.9738527984588686
1,0,133.1,118.0,0,1,0,1,20,11.66666667,14.0,0,1,0,0,0,0,0,0,0,0,0,0,0,0,0,0,10.8,1.4,1.74,1,0.984181919134631
1,1,120.0,115.0,0,1,1,0,22,0.0,0.0,0,0,1,0,0,0,0,0,0,0,0,0,0,0,0,0,16.2,0.3,-0.92,0,0.0009747268016956806
1,1,133.0,130.2,1,1,1,1,19,13.7,14.02222222,0,0,0,0,0,0,0,0,0,0,1,0,0,0,0,0,16.2,0.3,-0.92,1,0.9650450723747298
1,1,135.0,137.1,1,1,0,0,18,12.0,14.8,0,0,0,0,0,0,1,0,0,0,0,0,0,0,0,0,12.4,0.5,1.79,1,0.7249826936614765
1,1,141.0,131.9,1,1,0,1,18,15.10142857,16.09375,0,0,0,0,0,0,0,0,0,0,1,0,0,0,0,0,11.1,0.6,2.02,1,0.9943651608679112
1,1,132.0,133.1,1,1,0,1,19,12.2,11.5,0,0,0,0,0,0,0,0,1,0,0,0,0,0,0,0,9.4,-0.8,-3.12,1,0.9569989541216085
1,1,123.0,117.4,1,1,0,1,18,12.0,11.4,0,0,0,0,0,0,0,1,0,0,0,0,0,0,0,0,8.9,1.4,3.51,1,0.8835782990360094
2,1,100.0,120.0,0,1,0,0,47,12.51428571,11.75,0,0,0,0,0,0,0,0,0,0,0,1,0,0,0,0,12.7,3.7,-1.7,1,0.5051926425691342
2,1,133.1,118.9,0,1,0,0,30,0.0,0.0,0,0,0,0,0,0,0,0,0,0,1,0,0,0,0,0,13.9,-0.3,0.79,0,0.0014494245529223543
1,1,130.0,135.6,1,1,0,1,19,12.0,11.33333333,0,0,0,1,0,0,0,0,0,0,0,0,0,0,0,0,8.9,1.4,3.51,1,0.9204878498556435
2,1,120.0,130.0,1,1,1,0,37,0.0,0.0,1,0,0,0,0,0,0,0,0,0,0,0,0,0,0,0,7.6,2.6,0.32,0,0.3117429029428134
1,1,105.0,129.7,1,1,0,1,20,12.33333333,10.66666667,0,0,0,0,0,0,0,0,1,0,0,0,0,0,0,0,9.4,-0.8,-3.12,1,0.9455733092789481
1,1,132.0,138.0,0,1,1,1,18,13.66666667,12.0,0,0,0,1,0,0,0,0,0,0,0,0,0,0,0,0,12.4,0.5,1.79,1,0.9355545402146623
1,1,121.0,115.1,1,1,0,0,19,10.83333333,12.14285714,0,0,0,0,0,0,0,0,1,0,0,0,0,0,0,0,11.1,0.6,2.02,1,0.8671571398927677
1,1,145.0,139.8,1,1,0,0,20,14.8,14.0,0,0,0,0,1,0,0,0,0,0,0,0,0,0,0,0,12.7,3.7,-1.7,1,0.9200081279407502
1,1,110.0,112.5,1,1,0,0,20,12.33333333,11.77777778,0,0,0,0,0,0,0,0,1,0,0,0,0,0,0,0,7.6,2.6,0.32,1,0.8971311414262523
1,1,125.0,125.4,1,1,1,0,19,13.33333333,11.0,0,0,0,0,0,0,0,0,0,0,0,0,1,0,0,0,7.6,2.6,0.32,1,0.6422490954721385
2,0,133.1,120.0,0,1,1,0,39,0.0,10.0,0,0,0,0,0,0,0,0,0,0,0,0,0,0,0,1,12.7,3.7,-1.7,0,0.022226258982235896
1,1,136.0,100.0,0,1,0,0,18,13.6125,14.575,0,0,0,0,0,0,0,0,0,0,1,0,0,0,0,0,13.9,-0.3,0.79,1,0.9444312117989555
1,1,133.1,97.0,0,0,1,0,36,0.0,0.0,0,0,0,0,0,0,0,0,0,1,0,0,0,0,0,0,15.5,2.8,-4.06,0,7.3392717351191104e-06
1,1,121.0,113.0,1,1,1,0,19,13.83333333,13.66666667,0,0,0,0,0,0,0,0,0,0,0,0,0,1,0,0,11.1,0.6,2.02,1,0.827226683136214
1,1,125.0,131.7,1,1,1,0,20,12.75,12.66666667,0,0,0,1,0,0,0,0,0,0,0,0,0,0,0,0,12.4,0.5,1.79,1,0.8069144679484866
1,1,126.0,129.5,1,0,0,0,18,12.2,11.75,0,0,0,0,0,0,0,0,0,0,0,0,0,1,0,0,10.8,1.4,1.74,0,0.0895842978683218
1,1,126.0,124.3,0,1,0,1,19,11.16666667,13.4,0,0,0,0,0,0,0,0,0,1,0,0,0,0,0,0,16.2,0.3,-0.92,1,0.9185435745313381
1,1,120.0,113.4,0,1,1,0,22,13.0,11.66666667,0,0,0,0,0,0,0,1,0,0,0,0,0,0,0,0,12.7,3.7,-1.7,1,0.6329149313269217
1,1,117.0,121.6,1,1,0,0,22,12.91666667,14.5,1,0,0,0,0,0,0,0,0,0,0,0,0,0,0,0,8.9,1.4,3.51,1,0.999890366475846
1,1,152.0,154.1,0,1,0,1,18,13.33333333,12.57142857,0,0,0,0,0,0,0,0,0,0,0,0,0,0,1,0,12.7,3.7,-1.7,1,0.826605513301543
2,1,149.0,156.1,1,0,1,0,29,0.0,0.0,0,0,1,0,0,0,0,0,0,0,0,0,0,0,0,0,15.5,2.8,-4.06,0,3.409012001477856e-05
1,1,116.0,127.6,1,1,0,1,19,13.85714286,13.14285714,0,0,0,0,0,0,0,0,0,0,0,0,0,1,0,0,13.9,-0.3,0.79,1,0.9508097424502715
1,1,160.0,160.0,1,0,0,0,20,13.375,13.0,0,0,1,0,0,0,0,0,0,0,0,0,0,0,0,0,16.2,0.3,-0.92,0,0.23389847427007457
2,1,110.0,100.0,0,1,1,0,40,16.0,15.5,0,0,0,0,0,0,0,0,0,0,0,0,0,0,1,0,13.9,-0.3,0.79,1,0.6382014216257833
1,1,110.0,110.0,0,1,0,1,20,12.125,13.57142857,0,0,0,0,0,0,0,0,0,0,0,0,1,0,0,0,11.1,0.6,2.02,1,0.9430183846541444
2,1,133.1,100.5,0,1,0,0,39,14.0,0.0,0,0,0,0,0,0,0,0,0,0,0,1,0,0,0,0,11.1,0.6,2.02,0,0.011474484354485318
2,1,130.0,120.0,1,1,0,0,34,12.4,12.8,0,0,0,0,0,0,0,0,0,1,0,0,0,0,0,0,9.4,-0.8,-3.12,1,0.6937019271879292
1,0,140.0,135.8,1,1,1,0,25,10.8,11.35714286,0,0,0,0,0,0,0,0,0,0,0,0,0,0,0,1,9.4,-0.8,-3.12,0,0.4432523321894234
1,1,150.0,150.0,1,1,0,0,34,11.0,0.0,0,0,0,0,0,0,1,0,0,0,0,0,0,0,0,0,12.7,3.7,-1.7,0,0.0018815608325551637
1,0,100.0,130.0,0,1,1,0,40,10.25,11.2,0,0,0,0,0,0,0,0,0,0,0,0,0,0,0,1,15.5,2.8,-4.06,0,0.24900920486269063
1,1,130.0,130.0,0,1,0,0,21,10.88888889,11.61538462,0,0,0,0,0,0,0,1,0,0,0,0,0,0,0,0,10.8,1.4,1.74,1,0.673073488246683
1,1,127.0,121.4,1,1,0,0,18,11.57142857,13.16666667,0,0,0,0,0,0,0,0,0,0,0,0,0,0,1,0,11.1,0.6,2.02,1,0.5252951561666481
1,1,133.1,118.0,0,1,0,1,20,11.4,11.5,0,0,0,0,0,0,0,0,1,0,0,0,0,0,0,0,8.9,1.4,3.51,1,0.9487542054406725
1,1,127.0,120.0,1,1,1,0,19,12.6,12.66666667,0,0,0,0,0,0,0,1,0,0,0,0,0,0,0,0,8.9,1.4,3.51,1,0.7483333055830781
1,1,130.0,135.0,0,1,0,0,19,14.26666667,14.26666667,0,0,0,0,0,0,0,0,0,0,1,0,0,0,0,0,7.6,2.6,0.32,1,0.9674531956125517
1,1,110.0,110.2,0,1,1,0,55,14.5,13.5,0,0,0,1,0,0,0,0,0,0,0,0,0,0,0,0,11.1,0.6,2.02,1,0.5763251181954557
1,1,130.0,131.8,0,1,1,1,22,12.28571429,12.375,0,0,0,1,0,0,0,0,0,0,0,0,0,0,0,0,12.4,0.5,1.79,1,0.9051804806316733
1,1,158.0,153.5,1,1,0,0,20,14.83333333,16.0,0,0,0,0,0,0,0,0,0,1,0,0,0,0,0,0,11.1,0.6,2.02,1,0.9668630156094518
1,1,126.0,120.4,1,1,0,0,18,11.8,10.4,0,0,0,1,0,0,0,0,0,0,0,0,0,0,0,0,16.2,0.3,-0.92,1,0.6413152644091622
2,0,140.0,128.5,0,1,0,1,38,12.4,12.66666667,0,1,0,0,0,0,0,0,0,0,0,0,0,0,0,0,9.4,-0.8,-3.12,1,0.9549181854963293
1,1,130.0,120.9,1,1,0,0,18,14.33333333,14.16666667,0,0,0,0,0,0,0,0,0,0,0,0,0,1,0,0,8.9,1.4,3.51,1,0.9253538548246028
1,1,140.0,126.6,0,1,1,0,19,14.42857143,14.375,0,0,0,0,0,0,0,0,0,0,0,0,1,0,0,0,11.1,0.6,2.02,1,0.8957611577999229
1,0,120.0,96.0,1,0,1,0,38,0.0,0.0,0,0,0,0,0,0,0,0,0,0,0,0,0,0,0,1,8.9,1.4,3.51,0,8.655262430624392e-06
1,1,131.0,134.9,1,1,0,0,20,0.0,0.0,1,0,0,0,0,0,0,0,0,0,0,0,0,0,0,0,16.2,0.3,-0.92,1,0.5033885632509124
1,1,127.0,120.7,0,0,0,0,22,11.0,0.0,0,0,0,0,0,0,0,0,0,1,0,0,0,0,0,0,10.8,1.4,1.74,0,0.0004629323240894458
1,1,133.1,111.8,1,1,0,0,27,0.0,0.0,0,0,0,0,0,0,0,0,0,0,1,0,0,0,0,0,11.1,0.6,2.02,0,0.0012452069594178247
1,1,137.0,126.3,1,1,0,1,19,12.34,13.01875,0,0,0,0,0,0,0,0,0,0,1,0,0,0,0,0,11.1,0.6,2.02,1,0.9600573902881651
1,1,119.0,113.1,1,0,1,0,22,0.0,0.0,0,0,0,0,0,0,0,0,0,1,0,0,0,0,0,0,15.5,2.8,-4.06,0,1.7892923267514207e-05
1,1,133.1,130.0,0,0,0,1,20,13.4,11.4,0,0,0,0,0,0,0,0,1,0,0,0,0,0,0,0,10.8,1.4,1.74,0,0.4985058494062784
1,1,160.0,144.3,0,1,1,0,22,0.0,0.0,0,0,0,0,0,0,0,0,1,0,0,0,0,0,0,0,13.9,-0.3,0.79,0,0.001969448209726892
1,1,110.0,107.5,1,1,0,1,18,12.25,11.0,0,0,0,0,0,0,0,0,0,0,0,0,1,0,0,0,12.7,3.7,-1.7,1,0.845388023621424
1,1,135.0,145.9,0,1,0,1,18,12.66666667,12.16666667,0,0,0,1,0,0,0,0,0,0,0,0,0,0,0,0,16.2,0.3,-0.92,1,0.9475925542064005
1,1,130.0,126.5,0,1,1,0,26,12.42857143,12.83333333,0,0,0,0,0,0,0,0,0,1,0,0,0,0,0,0,7.6,2.6,0.32,1,0.6996360548210452
1,1,140.0,140.0,0,1,0,0,25,14.80571429,14.80571429,0,0,0,0,0,0,0,0,0,0,1,0,0,0,0,0,10.8,1.4,1.74,1,0.9645091980741688
1,1,131.0,120.2,0,1,0,0,19,13.28571429,13.0,0,0,0,0,0,0,0,1,0,0,0,0,0,0,0,0,12.7,3.7,-1.7,1,0.8570967023467503
1,1,119.0,118.3,0,1,0,0,19,11.25,0.0,0,0,0,0,0,0,0,0,0,0,0,0,0,1,0,0,15.5,2.8,-4.06,0,0.013830071657144677
1,1,133.1,115.0,1,1,0,0,19,12.83333333,12.66666667,0,0,0,0,0,0,0,0,0,0,0,0,0,1,0,0,16.2,0.3,-0.92,1,0.7586880828365181
1,1,132.0,127.1,0,0,1,0,21,0.0,0.0,1,0,0,0,0,0,0,0,0,0,0,0,0,0,0,0,7.6,2.6,0.32,0,0.027911351117984276
1,1,158.0,155.2,0,1,1,1,18,11.8,11.0,0,0,0,0,0,0,0,1,0,0,0,0,0,0,0,0,9.4,-0.8,-3.12,1,0.819181141407666
1,1,132.0,126.1,0,1,0,1,18,12.33333333,12.66666667,0,0,0,0,0,0,0,0,0,0,0,0,0,0,1,0,11.1,0.6,2.02,1,0.7806358646647585
1,1,131.0,127.9,0,1,0,1,19,12.8,14.2,0,0,0,0,0,0,0,0,0,0,0,0,1,0,0,0,9.4,-0.8,-3.12,1,0.9649486641779784
1,0,130.0,120.0,0,1,0,0,27,10.6,11.0,0,0,0,0,0,0,0,0,0,0,0,0,0,0,0,1,9.4,-0.8,-3.12,0,0.485106310885258
1,1,157.0,146.2,0,1,1,0,18,16.0,13.66666667,0,0,0,1,0,0,0,0,0,0,0,0,0,0,0,0,12.4,0.5,1.79,1,0.9395856535605625
1,1,130.0,110.4,1,1,1,0,25,10.76923077,11.83333333,0,0,0,0,0,0,0,1,0,0,0,0,0,0,0,0,7.6,2.6,0.32,0,0.4804172556154787
1,1,100.0,160.0,1,1,0,1,24,12.415,12.415,0,0,0,0,0,0,0,0,0,0,1,0,0,0,0,0,10.8,1.4,1.74,1,0.9617951209513509
1,0,138.0,134.5,1,1,0,0,19,12.66666667,14.375,0,1,0,0,0,0,0,0,0,0,0,0,0,0,0,0,12.4,0.5,1.79,1,0.9691293498861191
1,1,110.0,113.2,1,1,0,0,24,10.5,10.0,0,0,0,0,0,0,0,0,0,1,0,0,0,0,0,0,10.8,1.4,1.74,0,0.39700441122118724
1,1,139.0,120.8,0,1,0,0,19,0.0,0.0,0,0,0,0,0,0,0,0,0,0,0,0,1,0,0,0,15.5,2.8,-4.06,0,0.0010391418659949569
1,1,128.0,141.0,1,0,0,0,20,12.0,10.66666667,0,0,0,0,0,0,0,0,0,0,0,0,0,1,0,0,7.6,2.6,0.32,0,0.06147211991469669
1,1,122.0,117.1,1,1,0,1,18,14.57285714,14.95555556,0,0,0,0,0,0,0,0,0,0,1,0,0,0,0,0,12.4,0.5,1.79,1,0.9890583230515106
1,1,110.0,117.4,1,1,0,0,20,13.83333333,12.83333333,0,0,0,0,0,0,0,0,0,0,0,0,0,1,0,0,11.1,0.6,2.02,1,0.8495594491641946
1,1,141.0,124.9,1,1,0,0,19,12.0,11.0,0,0,0,0,0,0,0,0,1,0,0,0,0,0,0,0,12.7,3.7,-1.7,1,0.8313350686320319
1,0,133.1,125.7,0,1,0,0,26,12.0,11.0,0,0,0,0,0,0,0,0,0,0,0,0,0,0,0,1,10.8,1.4,1.74,1,0.5920364199361738
2,1,133.1,100.0,0,1,1,0,36,0.0,0.0,0,0,0,0,0,1,0,0,0,0,0,0,0,0,0,0,16.2,0.3,-0.92,0,2.107437318772676e-05
1,1,160.0,155.7,1,1,0,0,27,14.72727273,14.14285714,0,0,0,0,1,0,0,0,0,0,0,0,0,0,0,0,8.9,1.4,3.51,1,0.9093276819646559
1,1,133.1,178.0,1,1,1,1,23,13.33333333,12.8,0,0,0,1,0,0,0,0,0,0,0,0,0,0,0,0,9.4,-0.8,-3.12,1,0.9512527592188511
1,1,160.0,161.0,1,1,0,1,22,13.08,13.08,0,0,0,0,0,0,0,0,0,0,1,0,0,0,0,0,10.8,1.4,1.74,1,0.9684142165150048
1,1,138.0,124.7,1,1,1,0,18,0.0,0.0,0,0,0,0,0,0,0,0,0,0,1,0,0,0,0,0,16.2,0.3,-0.92,0,0.0011641350470835527
5,1,143.0,133.5,1,1,0,1,18,12.11428571,12.11428571,0,0,0,0,0,0,0,0,0,0,1,0,0,0,0,0,12.7,3.7,-1.7,1,0.9783092338045963
1,1,136.0,129.5,1,1,0,0,18,15.15555556,16.8,0,0,0,0,0,0,0,0,0,0,0,1,0,0,0,0,12.7,3.7,-1.7,1,0.9786218438329986
1,1,145.0,125.5,1,1,0,1,18,13.76375,13.76375,0,0,0,0,0,0,0,0,0,0,1,0,0,0,0,0,9.4,-0.8,-3.12,1,0.9782064145017744
1,1,133.0,120.1,1,1,0,1,19,12.42857143,14.0,0,0,0,0,0,0,0,0,0,0,1,0,0,0,0,0,13.9,-0.3,0.79,1,0.9696972386401221
1,1,120.0,120.0,0,0,0,0,20,11.66666667,12.0,0,0,0,0,0,0,1,0,0,0,0,0,0,0,0,0,12.4,0.5,1.79,0,0.023355469645924897
1,1,143.0,133.8,1,1,0,0,18,13.03333333,13.03333333,0,0,0,0,0,0,0,0,0,0,1,0,0,0,0,0,7.6,2.6,0.32,1,0.9215278114436988
1,1,146.0,144.6,0,1,1,0,18,13.0,13.33333333,0,0,0,0,0,0,0,1,0,0,0,0,0,0,0,0,16.2,0.3,-0.92,1,0.8115746069332864
1,0,133.1,142.7,0,1,1,1,34,14.71428571,14.375,0,0,0,0,0,0,0,0,0,0,0,0,0,0,0,1,16.2,0.3,-0.92,1,0.9274312963325226
1,0,150.0,123.0,0,1,1,0,27,11.5,10.33333333,0,0,0,0,0,0,0,0,0,0,0,0,0,0,0,1,12.7,3.7,-1.7,0,0.3275083308346277
1,1,130.0,130.0,0,0,1,0,25,0.0,0.0,0,0,0,0,0,0,0,1,0,0,0,0,0,0,0,0,15.5,2.8,-4.06,0,1.9884991728829712e-05
1,1,143.0,152.1,1,1,1,0,18,13.33333333,13.5,0,0,0,0,0,0,0,1,0,0,0,0,0,0,0,0,13.9,-0.3,0.79,1,0.841733190450667
2,0,150.0,112.5,0,1,0,0,33,11.4,11.16666667,0,1,0,0,0,0,0,0,0,0,0,0,0,0,0,0,7.6,2.6,0.32,1,0.7857354714108341
1,1,136.0,126.3,1,1,0,1,18,11.6,11.6,0,0,0,0,0,0,0,0,0,0,1,0,0,0,0,0,7.6,2.6,0.32,1,0.9306898726377643
1,1,144.0,136.0,1,1,0,1,19,14.15,14.15,0,0,0,0,0,0,0,0,0,0,1,0,0,0,0,0,7.6,2.6,0.32,1,0.9856731721758422
1,1,120.0,115.1,1,1,0,0,19,14.57142857,12.33333333,0,0,0,0,0,0,0,0,0,0,0,0,1,0,0,0,12.4,0.5,1.79,1,0.8393634136711962
1,1,148.0,137.0,1,1,0,0,18,14.25,14.25,0,0,0,0,0,0,0,0,0,0,1,0,0,0,0,0,9.4,-0.8,-3.12,1,0.9577678003742202
1,0,136.0,132.5,0,1,0,1,22,12.75,13.0,0,1,0,0,0,0,0,0,0,0,0,0,0,0,0,0,13.9,-0.3,0.79,1,0.9790698939678714
1,1,113.0,112.3,0,1,0,1,20,12.14285714,12.85714286,0,0,0,0,0,0,0,0,0,0,0,0,0,0,1,0,11.1,0.6,2.02,1,0.7644003613078819
1,1,157.0,142.3,0,1,0,0,18,12.75,12.75,0,0,0,0,1,0,0,0,0,0,0,0,0,0,0,0,7.6,2.6,0.32,1,0.855983907578826
1,1,122.0,126.6,1,1,0,0,18,12.83333333,13.83333333,0,0,0,0,0,0,0,0,0,0,0,0,0,1,0,0,8.9,1.4,3.51,1,0.8947102591026659
2,0,110.0,114.6,1,1,0,0,46,0.0,0.0,0,0,0,0,0,0,0,0,0,0,0,0,0,0,0,1,7.6,2.6,0.32,0,0.0004358942320895226
